Word,Frequency,Rank
the,3326,1
to,2782,2
and,2782,3
of,2568,4
a,1591,5
in,1382,6
was,1336,7
her,1202,8
had,1186,9
she,1143,10
i,1117,11
it,1036,12
he,961,13
be,950,14
not,934,15
that,875,16
as,808,17
for,706,18
but,662,19
his,659,20
with,653,21
you,627,22
have,589,23
at,533,24
all,528,25
been,496,26
him,467,27
could,451,28
anne,445,29
very,433,30
they,432,31
were,425,32
by,416,33
which,415,34
is,398,35
on,396,36
so,358,37
no,356,38
would,355,39
captain,303,40
from,295,41
their,293,42
mrs,291,43
there,286,44
or,274,45
more,273,46
them,270,47
mr,255,48
elliot,254,49
this,250,50
an,245,51
than,243,52
one,230,53
must,228,54
when,228,55
my,222,56
being,220,57
only,218,58
lady,214,59
such,211,60
do,210,61
much,205,62
if,201,63
any,199,64
what,195,65
wentworth,191,66
who,190,67
should,188,68
me,188,69
little,176,70
said,173,71
good,169,72
might,166,73
own,163,74
did,162,75
now,158,76
will,158,77
herself,158,78
never,154,79
we,154,80
charles,153,81
time,151,82
sir,149,83
think,149,84
are,146,85
well,145,86
other,139,87
nothing,138,88
some,136,89
again,132,90
great,129,91
know,127,92
too,127,93
miss,125,94
am,125,95
how,125,96
your,124,97
most,123,98
see,123,99
man,123,100
walter,123,101
soon,122,102
mary,121,103
russell,118,104
though,117,105
before,116,106
quite,112,107
musgrove,111,108
first,111,109
two,110,110
always,110,111
without,108,112
can,107,113
bath,101,114
every,101,115
has,100,116
louisa,99,117
into,98,118
about,97,119
made,96,120
after,96,121
out,95,122
long,94,123
himself,94,124
father,94,125
seemed,93,126
say,93,127
having,92,128
thought,90,129
house,89,130
however,89,131
last,88,132
make,88,133
up,88,134
may,87,135
better,87,136
go,87,137
many,85,138
young,84,139
place,84,140
same,83,141
found,83,142
elizabeth,81,143
home,81,144
like,80,145
over,80,146
felt,80,147
ever,78,148
give,78,149
away,78,150
way,78,151
family,77,152
friend,77,153
uppercross,77,154
feelings,75,155
come,75,156
done,74,157
sure,73,158
kellynch,73,159
still,73,160
its,72,161
sister,72,162
upon,72,163
those,72,164
even,71,165
enough,71,166
then,70,167
while,69,168
off,69,169
back,68,170
came,68,171
room,67,172
lyme,67,173
benwick,66,174
day,66,175
henrietta,66,176
just,66,177
going,65,178
another,65,179
heard,65,180
something,64,181
mind,64,182
happy,64,183
present,64,184
our,64,185
here,63,186
harville,63,187
indeed,63,188
few,62,189
down,61,190
admiral,61,191
smith,61,192
party,61,193
acquaintance,61,194
knew,61,195
half,60,196
moment,60,197
almost,60,198
rather,60,199
morning,59,200
woman,59,201
years,58,202
seen,58,203
wish,58,204
yet,58,205
shall,57,206
clay,57,207
perhaps,56,208
once,56,209
look,56,210
dear,56,211
between,55,212
poor,55,213
together,54,214
evening,54,215
others,54,216
oh,54,217
hope,53,218
ought,52,219
these,52,220
till,52,221
saw,51,222
where,51,223
gone,51,224
anne's,50,225
life,49,226
character,49,227
anything,49,228
take,49,229
left,48,230
us,48,231
known,48,232
believe,48,233
certainly,48,234
side,47,235
yes,47,236
cried,47,237
old,46,238
short,46,239
croft,45,240
since,45,241
near,45,242
deal,45,243
possible,45,244
leave,44,245
feel,44,246
really,43,247
under,43,248
everything,43,249
interest,43,250
perfectly,43,251
manner,43,252
each,43,253
least,42,254
does,42,255
next,42,256
right,42,257
course,42,258
looked,42,259
cannot,42,260
best,42,261
whole,42,262
part,42,263
name,41,264
heart,41,265
musgroves,41,266
love,41,267
thing,41,268
spirits,41,269
sort,41,270
passed,40,271
idea,40,272
both,40,273
wife,40,274
hardly,40,275
hear,39,276
among,39,277
nor,39,278
people,38,279
agreeable,38,280
pleasure,38,281
three,38,282
themselves,37,283
seeing,37,284
account,37,285
hayter,37,286
company,37,287
visit,37,288
feeling,36,289
get,36,290
either,36,291
afterwards,35,292
head,35,293
whom,35,294
elliot's,35,295
walk,35,296
world,34,297
through,34,298
received,34,299
country,34,300
change,34,301
children,34,302
general,34,303
glad,33,304
determined,33,305
coming,33,306
wanted,33,307
began,33,308
tell,33,309
eyes,33,310
consequence,33,311
given,33,312
letter,33,313
manners,33,314
brought,33,315
towards,32,316
talked,32,317
word,32,318
object,32,319
whether,32,320
end,32,321
happiness,32,322
mother,32,323
men,31,324
replied,31,325
myself,31,326
answer,31,327
put,31,328
far,31,329
state,31,330
set,31,331
want,31,332
spoke,31,333
able,30,334
obliged,30,335
husband,30,336
russell's,30,337
went,30,338
often,30,339
called,30,340
conversation,30,341
looking,30,342
wallis,30,343
hour,30,344
full,30,345
fine,30,346
friends,30,347
less,30,348
gave,29,349
hours,29,350
strong,29,351
point,29,352
understand,29,353
fortune,29,354
camden,29,355
immediately,29,356
person,29,357
talk,29,358
wished,28,359
use,28,360
doing,28,361
brother,28,362
walked,28,363
thinking,28,364
return,28,365
therefore,28,366
pretty,28,367
former,28,368
hall,28,369
bad,28,370
wentworth's,27,371
acquainted,27,372
returned,27,373
met,27,374
else,27,375
against,27,376
marriage,27,377
let,27,378
gentleman,27,379
shepherd,27,380
subject,27,381
sensible,27,382
year,27,383
situation,27,384
attention,27,385
cousin,26,386
considered,26,387
minutes,26,388
because,26,389
speak,26,390
early,26,391
told,26,392
different,26,393
doubt,26,394
ladies,26,395
longer,26,396
taken,26,397
street,26,398
beginning,26,399
dalrymple,26,400
asked,26,401
marry,26,402
carriage,25,403
case,25,404
week,25,405
neither,25,406
circumstances,25,407
assure,25,408
attachment,25,409
nature,25,410
forward,25,411
regard,25,412
stay,25,413
new,25,414
business,25,415
married,24,416
taste,24,417
worth,24,418
engagement,24,419
suppose,24,420
likely,24,421
opinion,24,422
meet,24,423
degree,24,424
saying,24,425
chapter,24,426
crofts,24,427
eye,24,428
appearance,24,429
added,24,430
true,24,431
things,24,432
days,24,433
past,24,434
worse,24,435
high,23,436
mean,23,437
talking,23,438
find,23,439
beyond,23,440
satisfied,23,441
surprise,23,442
hand,23,443
night,23,444
sight,23,445
taking,23,446
colonel,23,447
making,23,448
father's,23,449
words,23,450
child,23,451
advantage,22,452
question,22,453
settled,22,454
equal,22,455
usual,22,456
within,22,457
face,22,458
decided,22,459
cottage,22,460
living,22,461
knowledge,22,462
frederick,22,463
real,22,464
women,22,465
excellent,22,466
got,21,467
means,21,468
bear,21,469
door,21,470
reason,21,471
whose,21,472
speaking,21,473
walking,21,474
help,21,475
alone,21,476
matter,21,477
ready,21,478
particularly,21,479
care,21,480
natural,21,481
ill,21,482
turned,21,483
believed,21,484
comfort,21,485
meeting,21,486
match,20,487
call,20,488
understanding,20,489
appeared,20,490
sorry,20,491
hands,20,492
none,20,493
kind,20,494
why,20,495
health,20,496
already,20,497
spoken,20,498
pain,20,499
concert,20,500
pleased,20,501
rest,20,502
influence,20,503
need,20,504
understood,20,505
cousins,19,506
wonder,19,507
supposed,19,508
used,19,509
value,19,510
voice,19,511
took,19,512
giving,19,513
conduct,19,514
sometimes,19,515
musgrove's,19,516
nobody,19,517
open,19,518
air,19,519
delighted,19,520
engaged,19,521
style,19,522
large,19,523
handsome,19,524
notice,19,525
lived,19,526
anybody,19,527
terms,18,528
probably,18,529
serious,18,530
hoped,18,531
circumstance,18,532
generally,18,533
suffering,18,534
sea,18,535
finding,18,536
small,18,537
tone,18,538
daughter,18,539
imagine,18,540
harvilles,18,541
walter's,18,542
expected,18,543
lost,18,544
also,18,545
respect,17,546
sisters,17,547
to-morrow,17,548
view,17,549
warm,17,550
favour,17,551
months,17,552
mary's,17,553
entirely,17,554
observed,17,555
second,17,556
kept,17,557
disposed,17,558
dinner,17,559
turn,17,560
proper,17,561
sense,17,562
curiosity,17,563
completely,17,564
anxious,17,565
everybody,17,566
waiting,17,567
caught,16,568
pride,16,569
son,16,570
farther,16,571
listened,16,572
drew,16,573
description,16,574
extremely,16,575
reached,16,576
window,16,577
perfect,16,578
loved,16,579
hearing,16,580
meant,16,581
nurse,16,582
seem,16,583
times,16,584
history,16,585
ago,16,586
late,16,587
money,16,588
particular,16,589
vain,16,590
behind,15,591
quiet,15,592
fact,15,593
town,15,594
trying,15,595
smallest,15,596
period,15,597
proof,15,598
highly,15,599
table,15,600
continued,15,601
followed,15,602
instead,15,603
exactly,15,604
kindness,15,605
distress,15,606
knowing,15,607
seat,15,608
afraid,15,609
low,15,610
common,15,611
answered,15,612
fellow,15,613
agreed,15,614
nearly,15,615
staying,15,616
liked,15,617
remain,15,618
profession,15,619
buildings,15,620
remember,15,621
attending,15,622
aware,15,623
four,15,624
allowed,15,625
impossible,15,626
round,15,627
claims,15,628
meaning,15,629
countenance,15,630
live,14,631
struck,14,632
friendship,14,633
fully,14,634
glance,14,635
sent,14,636
honour,14,637
ashamed,14,638
yourself,14,639
comfortable,14,640
property,14,641
agitation,14,642
necessary,14,643
trouble,14,644
sit,14,645
keep,14,646
justice,14,647
consciousness,14,648
future,14,649
london,14,650
besides,14,651
cobb,14,652
neighbourhood,14,653
looks,14,654
turning,14,655
instantly,14,656
persuaded,14,657
difference,14,658
evil,14,659
girls,14,660
yesterday,14,661
youth,14,662
introduced,14,663
sat,14,664
getting,14,665
truth,14,666
play,13,667
inn,13,668
altogether,13,669
society,13,670
clear,13,671
tenant,13,672
danger,13,673
appear,13,674
itself,13,675
became,13,676
tried,13,677
hint,13,678
interesting,13,679
listen,13,680
power,13,681
invitation,13,682
breakfast,13,683
croft's,13,684
moments,13,685
greater,13,686
share,13,687
along,13,688
become,13,689
regret,13,690
severe,13,691
dine,13,692
calling,13,693
read,13,694
due,13,695
strength,13,696
especially,13,697
extraordinary,13,698
pleasant,13,699
fair,13,700
sake,13,701
opportunity,13,702
enjoyment,13,703
improved,13,704
smile,13,705
easy,13,706
duty,13,707
personal,13,708
bring,13,709
mentioned,13,710
navy,13,711
dare,13,712
rooms,13,713
fixed,13,714
yours,13,715
pity,13,716
forget,13,717
heir,12,718
eldest,12,719
temper,12,720
thank,12,721
promised,12,722
growing,12,723
pass,12,724
leaving,12,725
miles,12,726
wait,12,727
cold,12,728
smiling,12,729
louisa's,12,730
occasion,12,731
letters,12,732
admitted,12,733
around,12,734
altered,12,735
directly,12,736
begun,12,737
stood,12,738
board,12,739
remained,12,740
certain,12,741
exceedingly,12,742
difficulties,12,743
spirit,12,744
placed,12,745
consider,12,746
six,12,747
ten,12,748
wishing,12,749
mention,12,750
putting,12,751
plan,12,752
harville's,12,753
desirable,12,754
surprised,12,755
occupied,12,756
recollect,12,757
chance,11,758
written,11,759
hers,11,760
boy,11,761
satisfaction,11,762
dignity,11,763
domestic,11,764
death,11,765
scarcely,11,766
spend,11,767
sick,11,768
rich,11,769
truly,11,770
rank,11,771
silent,11,772
instant,11,773
fond,11,774
confidence,11,775
hints,11,776
anxiety,11,777
useful,11,778
spring,11,779
spite,11,780
moment's,11,781
declare,11,782
ma'am,11,783
observe,11,784
wishes,11,785
eager,11,786
elegant,11,787
effect,11,788
gentlemen,11,789
lodgings,11,790
charles's,11,791
returning,11,792
opinions,11,793
direction,11,794
intercourse,11,795
nice,11,796
winthrop,11,797
warmth,11,798
shut,11,799
bringing,11,800
age,11,801
happened,11,802
sound,11,803
occurred,11,804
differently,11,805
resolution,11,806
sitting,11,807
required,11,808
considering,11,809
silence,11,810
depend,11,811
inclination,11,812
seems,11,813
mere,11,814
carteret,11,815
expect,10,816
gratitude,10,817
wanting,10,818
weeks,10,819
servant,10,820
excepting,10,821
sentiments,10,822
pleasing,10,823
begin,10,824
admiration,10,825
superiority,10,826
join,10,827
mine,10,828
nay,10,829
rights,10,830
creature,10,831
fancied,10,832
reach,10,833
vanity,10,834
avoid,10,835
report,10,836
ask,10,837
sister's,10,838
properly,10,839
indulgence,10,840
girl,10,841
sooner,10,842
misery,10,843
autumn,10,844
wrong,10,845
ideas,10,846
dr,10,847
promise,10,848
suspense,10,849
charm,10,850
invited,10,851
beauty,10,852
constant,10,853
affected,10,854
importance,10,855
school,10,856
fit,10,857
happen,10,858
joined,10,859
ended,10,860
winter,10,861
evident,10,862
confess,10,863
merely,10,864
birth,10,865
opened,10,866
lately,10,867
painful,10,868
service,10,869
daughters,10,870
several,10,871
summer,10,872
eight,10,873
continually,10,874
reply,10,875
books,10,876
evidently,10,877
horses,10,878
tenderness,10,879
connexion,10,880
produced,10,881
suffer,10,882
indifference,10,883
order,10,884
forced,10,885
astonishment,10,886
baronet,10,887
credit,10,888
smiled,10,889
peace,10,890
soul,9,891
closed,9,892
work,9,893
divided,9,894
allow,9,895
arrival,9,896
send,9,897
five,9,898
suffered,9,899
safe,9,900
tired,9,901
attend,9,902
distance,9,903
admit,9,904
convinced,9,905
removal,9,906
mother's,9,907
claim,9,908
nerves,9,909
proved,9,910
village,9,911
absence,9,912
dangerous,9,913
warmly,9,914
fell,9,915
clay's,9,916
views,9,917
secret,9,918
ah,9,919
hill,9,920
praise,9,921
motive,9,922
venture,9,923
cheerful,9,924
recommend,9,925
escape,9,926
suit,9,927
sounds,9,928
companion,9,929
superior,9,930
anywhere,9,931
complete,9,932
forgotten,9,933
attentions,9,934
thus,9,935
quit,9,936
compliments,9,937
highest,9,938
listening,9,939
widow,9,940
excite,9,941
pause,9,942
otherwise,9,943
except,9,944
subjects,9,945
inferior,9,946
persons,9,947
necessity,9,948
hopes,9,949
fall,9,950
solicitude,9,951
rain,9,952
sensations,9,953
enquiries,9,954
affection,9,955
thoughts,9,956
move,9,957
indifferent,9,958
intimacy,9,959
actually,9,960
arrived,9,961
following,9,962
welcome,9,963
amusement,9,964
imagined,9,965
try,9,966
intimate,9,967
features,9,968
capable,9,969
possibility,9,970
god,9,971
blessing,9,972
stopped,9,973
november,9,974
dreadful,9,975
shirley,9,976
humour,9,977
equally,9,978
interval,9,979
quietly,9,980
afford,9,981
contrary,9,982
pray,9,983
lord,9,984
drawing-room,9,985
weather,9,986
visited,9,987
dress,9,988
news,9,989
mistaken,9,990
follow,9,991
comprehend,9,992
recollection,9,993
card,9,994
desire,9,995
tolerable,8,996
receive,8,997
theirs,8,998
immediate,8,999
observing,8,1000
arms,8,1001
deserved,8,1002
conviction,8,1003
hold,8,1004
picture,8,1005
pardon,8,1006
judgement,8,1007
writing,8,1008
previously,8,1009
marrying,8,1010
setting,8,1011
greatest,8,1012
families,8,1013
admiral's,8,1014
burst,8,1015
notions,8,1016
affairs,8,1017
enjoy,8,1018
exclaimed,8,1019
ease,8,1020
beg,8,1021
woman's,8,1022
emotion,8,1023
ceased,8,1024
earlier,8,1025
public,8,1026
gradually,8,1027
arm,8,1028
habit,8,1029
observation,8,1030
standing,8,1031
fail,8,1032
matters,8,1033
astonished,8,1034
reading,8,1035
loss,8,1036
roused,8,1037
aunt,8,1038
spent,8,1039
changed,8,1040
event,8,1041
laconia,8,1042
month,8,1043
minute,8,1044
distinguished,8,1045
increased,8,1046
quick,8,1047
scheme,8,1048
number,8,1049
civility,8,1050
favourite,8,1051
book,8,1052
purpose,8,1053
dark,8,1054
lives,8,1055
spot,8,1056
fallen,8,1057
judge,8,1058
interrupted,8,1059
consequently,8,1060
gratification,8,1061
thousand,8,1062
exertion,8,1063
confusion,8,1064
furniture,8,1065
circle,8,1066
acknowledged,8,1067
deep,8,1068
form,8,1069
persuade,8,1070
monkford,8,1071
story,8,1072
reflection,8,1073
acknowledge,8,1074
pay,8,1075
cheeks,8,1076
whatever,8,1077
recovering,8,1078
entered,8,1079
line,8,1080
steps,8,1081
names,8,1082
shewed,8,1083
impression,8,1084
ay,8,1085
proud,8,1086
act,8,1087
convey,8,1088
henrietta's,8,1089
bless,8,1090
shewn,8,1091
expressed,7,1092
comes,7,1093
elegance,7,1094
glow,7,1095
sigh,7,1096
considerable,7,1097
unable,7,1098
conscious,7,1099
seriously,7,1100
agree,7,1101
sufficient,7,1102
difficulty,7,1103
illness,7,1104
westgate,7,1105
intended,7,1106
boys,7,1107
choice,7,1108
habits,7,1109
principle,7,1110
during,7,1111
proposed,7,1112
sought,7,1113
war,7,1114
concerned,7,1115
suddenly,7,1116
thrown,7,1117
rooke,7,1118
lose,7,1119
connexions,7,1120
light,7,1121
recovered,7,1122
quarter,7,1123
refused,7,1124
safely,7,1125
settle,7,1126
important,7,1127
died,7,1128
learnt,7,1129
smiles,7,1130
excuse,7,1131
curate,7,1132
close,7,1133
intention,7,1134
sudden,7,1135
collected,7,1136
laura,7,1137
ill-used,7,1138
one's,7,1139
delightful,7,1140
rational,7,1141
plain,7,1142
parties,7,1143
fancy,7,1144
courage,7,1145
entering,7,1146
struggle,7,1147
accident,7,1148
mamma,7,1149
man's,7,1150
ourselves,7,1151
seven,7,1152
passing,7,1153
elizabeth's,7,1154
apparent,7,1155
repeated,7,1156
visits,7,1157
held,7,1158
moved,7,1159
prevent,7,1160
bloom,7,1161
decidedly,7,1162
clever,7,1163
decision,7,1164
laughing,7,1165
remaining,7,1166
improvement,7,1167
note,7,1168
indies,7,1169
catch,7,1170
felicity,7,1171
knows,7,1172
secure,7,1173
says,7,1174
horror,7,1175
to-day,7,1176
parted,7,1177
carried,7,1178
expression,7,1179
opposition,7,1180
music,7,1181
companions,7,1182
hard,7,1183
honours,7,1184
body,7,1185
eagerly,7,1186
principal,7,1187
sailors,7,1188
sofa,7,1189
admire,7,1190
younger,7,1191
friendly,7,1192
excessively,7,1193
speech,7,1194
whenever,7,1195
steady,7,1196
chair,7,1197
amiable,7,1198
led,7,1199
infinitely,7,1200
plymouth,7,1201
watch,7,1202
excited,7,1203
dancing,7,1204
momentary,7,1205
authority,7,1206
luck,7,1207
neighbours,7,1208
disposition,7,1209
support,7,1210
gentle,7,1211
self,6,1212
guess,6,1213
north,6,1214
essential,6,1215
recover,6,1216
comparison,6,1217
conveyed,6,1218
wretched,6,1219
accordingly,6,1220
paid,6,1221
lines,6,1222
hurry,6,1223
suspect,6,1224
distant,6,1225
supposing,6,1226
probable,6,1227
good-will,6,1228
recommendation,6,1229
decent,6,1230
servants,6,1231
composure,6,1232
higher,6,1233
papa,6,1234
intelligence,6,1235
that's,6,1236
accept,6,1237
cut,6,1238
thoroughly,6,1239
cure,6,1240
single,6,1241
above,6,1242
various,6,1243
failed,6,1244
occasionally,6,1245
independence,6,1246
folly,6,1247
suited,6,1248
precisely,6,1249
thirty,6,1250
caution,6,1251
earnest,6,1252
beautiful,6,1253
impatient,6,1254
latter,6,1255
sophy,6,1256
lucky,6,1257
persuasion,6,1258
possession,6,1259
ship,6,1260
add,6,1261
thirteen,6,1262
communication,6,1263
draw,6,1264
wild,6,1265
easily,6,1266
effects,6,1267
james,6,1268
opposite,6,1269
mutual,6,1270
enter,6,1271
offer,6,1272
points,6,1273
borne,6,1274
friend's,6,1275
sentiment,6,1276
impressions,6,1277
estate,6,1278
run,6,1279
quitted,6,1280
deeply,6,1281
succeeded,6,1282
space,6,1283
precious,6,1284
events,6,1285
obliging,6,1286
ventured,6,1287
totally,6,1288
delay,6,1289
distressed,6,1290
delight,6,1291
youngest,6,1292
daily,6,1293
kindly,6,1294
pursuits,6,1295
smith's,6,1296
naval,6,1297
regular,6,1298
telling,6,1299
cheerfulness,6,1300
christmas,6,1301
pretend,6,1302
grant,6,1303
distinguish,6,1304
england,6,1305
wise,6,1306
readily,6,1307
agony,6,1308
twice,6,1309
arranged,6,1310
induced,6,1311
ways,6,1312
human,6,1313
absurd,6,1314
material,6,1315
introduction,6,1316
politeness,6,1317
streets,6,1318
belonged,6,1319
write,6,1320
corner,6,1321
hopeless,6,1322
grace,6,1323
drawn,6,1324
fortitude,6,1325
grounds,6,1326
cool,6,1327
houses,6,1328
mourning,6,1329
proceeded,6,1330
mistress,6,1331
broken,6,1332
attentive,6,1333
particulars,6,1334
hurried,6,1335
interference,6,1336
education,6,1337
consent,6,1338
cause,6,1339
feared,6,1340
recollected,6,1341
sweet,6,1342
rise,6,1343
elliots,6,1344
receiving,6,1345
amused,6,1346
presented,6,1347
moreover,6,1348
naturally,6,1349
consideration,6,1350
recovery,6,1351
risk,6,1352
rendered,6,1353
worst,6,1354
alarm,6,1355
greatly,6,1356
arrangements,6,1357
makes,6,1358
happily,6,1359
proceed,6,1360
forty,6,1361
dead,6,1362
respects,6,1363
supply,6,1364
foot,6,1365
lively,6,1366
information,6,1367
scenes,6,1368
apparently,6,1369
memory,6,1370
station,6,1371
west,6,1372
careless,6,1373
quitting,6,1374
taunton,6,1375
assistance,6,1376
sad,6,1377
learn,6,1378
relief,6,1379
explanation,6,1380
attended,6,1381
cordiality,6,1382
save,6,1383
happiest,6,1384
command,6,1385
private,6,1386
asp,6,1387
nineteen,6,1388
inconvenient,6,1389
convince,6,1390
freckles,6,1391
unfeeling,6,1392
language,6,1393
sending,6,1394
declared,6,1395
disappointed,6,1396
accommodations,6,1397
exquisite,6,1398
remembrance,6,1399
conscience,6,1400
hearts,5,1401
reference,5,1402
submitted,5,1403
relation,5,1404
gallantry,5,1405
preferred,5,1406
later,5,1407
offering,5,1408
carry,5,1409
decide,5,1410
stronger,5,1411
strongest,5,1412
travelled,5,1413
slight,5,1414
appointment,5,1415
sees,5,1416
noise,5,1417
poetry,5,1418
journey,5,1419
spending,5,1420
heads,5,1421
assist,5,1422
wants,5,1423
selfishness,5,1424
gay,5,1425
reconciliation,5,1426
startled,5,1427
fate,5,1428
restored,5,1429
white,5,1430
joy,5,1431
influenced,5,1432
marlborough,5,1433
wherever,5,1434
deserted,5,1435
well-looking,5,1436
neglect,5,1437
stand,5,1438
relations,5,1439
box,5,1440
bed,5,1441
composed,5,1442
pounds,5,1443
offered,5,1444
concern,5,1445
acting,5,1446
connected,5,1447
gentleman's,5,1448
hundred,5,1449
heaven,5,1450
connection,5,1451
belief,5,1452
played,5,1453
conclusion,5,1454
surgeon,5,1455
undoubtedly,5,1456
maintaining,5,1457
pen,5,1458
increase,5,1459
lodge,5,1460
difficult,5,1461
gratified,5,1462
unwell,5,1463
enquiry,5,1464
cruel,5,1465
happier,5,1466
preparing,5,1467
zeal,5,1468
curacy,5,1469
lessened,5,1470
thinks,5,1471
constancy,5,1472
sensation,5,1473
esq,5,1474
prevented,5,1475
assisted,5,1476
cared,5,1477
abroad,5,1478
injury,5,1479
spread,5,1480
respectability,5,1481
ground,5,1482
lovely,5,1483
compared,5,1484
liking,5,1485
bright,5,1486
addition,5,1487
result,5,1488
approach,5,1489
fifty,5,1490
rate,5,1491
merits,5,1492
shocked,5,1493
rid,5,1494
suggest,5,1495
absolutely,5,1496
assured,5,1497
entrance,5,1498
mistake,5,1499
couple,5,1500
attached,5,1501
prosperity,5,1502
inclined,5,1503
explain,5,1504
occur,5,1505
lower,5,1506
tenants,5,1507
evils,5,1508
occupation,5,1509
complaisance,5,1510
scene,5,1511
drove,5,1512
wife's,5,1513
advice,5,1514
applied,5,1515
continuing,5,1516
alliance,5,1517
formerly,5,1518
sailor,5,1519
somewhere,5,1520
benefit,5,1521
jealous,5,1522
uncertain,5,1523
valued,5,1524
admired,5,1525
residence,5,1526
grieved,5,1527
cleared,5,1528
tender,5,1529
chaise,5,1530
twenty,5,1531
concerns,5,1532
contempt,5,1533
related,5,1534
valuable,5,1535
hereafter,5,1536
convenience,5,1537
attempts,5,1538
employed,5,1539
officer,5,1540
office,5,1541
morrow,5,1542
fortnight,5,1543
presently,5,1544
peculiar,5,1545
dick,5,1546
honourable,5,1547
free,5,1548
animation,5,1549
raised,5,1550
finally,5,1551
reasonable,5,1552
belonging,5,1553
renewed,5,1554
accounts,5,1555
somebody,5,1556
eagerness,5,1557
unjust,5,1558
uttered,5,1559
strangers,5,1560
powers,5,1561
compassion,5,1562
jealousy,5,1563
described,5,1564
rejoiced,5,1565
relationship,5,1566
worldly,5,1567
fool,5,1568
attempt,5,1569
supplied,5,1570
mortification,5,1571
bow,5,1572
stir,5,1573
careful,5,1574
odd,5,1575
express,5,1576
certainty,5,1577
chose,5,1578
apology,5,1579
please,5,1580
advantages,5,1581
twelve,5,1582
tuesday,5,1583
paper,5,1584
places,5,1585
attraction,5,1586
lessening,5,1587
worthy,5,1588
resident,5,1589
ruin,5,1590
leading,5,1591
success,5,1592
calm,5,1593
black,5,1594
angry,5,1595
blame,5,1596
footing,5,1597
objection,5,1598
civil,5,1599
involved,5,1600
liberty,5,1601
experience,5,1602
alas,5,1603
born,5,1604
milsom,5,1605
hayters,5,1606
strict,5,1607
active,5,1608
income,5,1609
respectable,5,1610
intervals,5,1611
waited,5,1612
running,5,1613
scruple,5,1614
wound,5,1615
arrangement,5,1616
included,5,1617
gentleness,5,1618
mile,5,1619
propriety,5,1620
italian,5,1621
trial,5,1622
drive,5,1623
usefulness,5,1624
dined,5,1625
willing,5,1626
master,5,1627
earnestly,5,1628
becoming,5,1629
dared,5,1630
don't,5,1631
rejoice,4,1632
harm,4,1633
delicacy,4,1634
bestow,4,1635
openness,4,1636
disinterested,4,1637
awkwardness,4,1638
ceaseless,4,1639
unnecessary,4,1640
livery,4,1641
unpleasant,4,1642
sunk,4,1643
occupying,4,1644
consolation,4,1645
silly,4,1646
employ,4,1647
rapid,4,1648
asking,4,1649
gained,4,1650
other's,4,1651
earliest,4,1652
destroyed,4,1653
reproach,4,1654
united,4,1655
arrive,4,1656
piece,4,1657
exertions,4,1658
believing,4,1659
alarmed,4,1660
powerful,4,1661
behaviour,4,1662
sincere,4,1663
shame,4,1664
stroll,4,1665
established,4,1666
comparatively,4,1667
fearing,4,1668
viscountess,4,1669
spared,4,1670
c,4,1671
remembering,4,1672
article,4,1673
escaped,4,1674
older,4,1675
patience,4,1676
intelligent,4,1677
surely,4,1678
september,4,1679
preceding,4,1680
seek,4,1681
dependence,4,1682
waiter,4,1683
remembered,4,1684
knock,4,1685
begged,4,1686
parting,4,1687
partiality,4,1688
owner,4,1689
civilities,4,1690
learned,4,1691
husband's,4,1692
owed,4,1693
harp,4,1694
tells,4,1695
marked,4,1696
grateful,4,1697
leisure,4,1698
nut,4,1699
opening,4,1700
trifle,4,1701
suspected,4,1702
suspecting,4,1703
intimately,4,1704
church,4,1705
exert,4,1706
unworthy,4,1707
curricle,4,1708
declined,4,1709
takes,4,1710
season,4,1711
encouraging,4,1712
inviting,4,1713
repeatedly,4,1714
encouraged,4,1715
william,4,1716
glowing,4,1717
expressions,4,1718
driving,4,1719
park,4,1720
politely,4,1721
animated,4,1722
longed,4,1723
nearer,4,1724
irresistible,4,1725
perceive,4,1726
eat,4,1727
calculations,4,1728
law,4,1729
rivers,4,1730
doubtful,4,1731
benwick's,4,1732
shew,4,1733
blush,4,1734
trust,4,1735
lane,4,1736
wallis's,4,1737
dread,4,1738
grown,4,1739
melancholy,4,1740
class,4,1741
witnessed,4,1742
absent,4,1743
forgiven,4,1744
visitors,4,1745
boat,4,1746
drawing,4,1747
forgot,4,1748
exact,4,1749
ceremony,4,1750
acquired,4,1751
inconvenience,4,1752
wind,4,1753
distrust,4,1754
instances,4,1755
goodness,4,1756
seldom,4,1757
straight,4,1758
expectation,4,1759
solitary,4,1760
rough,4,1761
whisper,4,1762
sincerity,4,1763
agitations,4,1764
endure,4,1765
overcome,4,1766
complain,4,1767
announced,4,1768
finish,4,1769
alarming,4,1770
volume,4,1771
shooting,4,1772
merit,4,1773
separation,4,1774
busy,4,1775
precedence,4,1776
remark,4,1777
path,4,1778
imprudence,4,1779
strike,4,1780
watched,4,1781
sinking,4,1782
disagreeable,4,1783
regretted,4,1784
anxiously,4,1785
bent,4,1786
weight,4,1787
driven,4,1788
deficient,4,1789
forming,4,1790
distressing,4,1791
daring,4,1792
comforts,4,1793
fancying,4,1794
eloquent,4,1795
ascertain,4,1796
hysterical,4,1797
cautious,4,1798
third,4,1799
quickly,4,1800
sensibility,4,1801
oftener,4,1802
shepherd's,4,1803
formed,4,1804
unfit,4,1805
artificial,4,1806
grew,4,1807
polished,4,1808
modest,4,1809
commanded,4,1810
changes,4,1811
application,4,1812
fast,4,1813
restrictions,4,1814
mental,4,1815
stop,4,1816
fault,4,1817
phoo,4,1818
possibly,4,1819
pleasantly,4,1820
fix,4,1821
prospect,4,1822
solitude,4,1823
interchange,4,1824
shop,4,1825
unless,4,1826
arose,4,1827
curious,4,1828
selfish,4,1829
alike,4,1830
richard,4,1831
leaning,4,1832
consulted,4,1833
communicated,4,1834
enquired,4,1835
frightful,4,1836
somersetshire,4,1837
kindest,4,1838
grieving,4,1839
performance,4,1840
flattered,4,1841
produce,4,1842
calmness,4,1843
pointing,4,1844
parents,4,1845
complexion,4,1846
secured,4,1847
deserving,4,1848
hearty,4,1849
disappointment,4,1850
suspicion,4,1851
appeal,4,1852
nonsense,4,1853
prove,4,1854
motion,4,1855
dalrymples,4,1856
talks,4,1857
mischief,4,1858
staid,4,1859
good-humoured,4,1860
adding,4,1861
principally,4,1862
drawing-rooms,4,1863
presence,4,1864
recollections,4,1865
liable,4,1866
figure,4,1867
improve,4,1868
invite,4,1869
actual,4,1870
fixing,4,1871
nine,4,1872
separate,4,1873
forth,4,1874
belong,4,1875
hate,4,1876
stairs,4,1877
depended,4,1878
succeeding,4,1879
jemima,4,1880
fanny,4,1881
compare,4,1882
vexed,4,1883
hospitable,4,1884
touch,4,1885
meetings,4,1886
entreated,4,1887
remarkable,4,1888
tempted,4,1889
weakness,4,1890
charming,4,1891
blessed,4,1892
calmer,4,1893
pains,4,1894
accomplishments,4,1895
removed,4,1896
proceeding,4,1897
filled,4,1898
watching,4,1899
list,4,1900
convenient,4,1901
explained,4,1902
total,4,1903
attach,4,1904
embarrassed,4,1905
cards,4,1906
wrote,4,1907
hamilton,4,1908
compliment,4,1909
oppose,4,1910
fears,4,1911
possessed,4,1912
choose,4,1913
propose,4,1914
measures,4,1915
services,4,1916
sweetness,4,1917
holidays,4,1918
county,4,1919
estimate,4,1920
fairly,4,1921
duties,4,1922
alive,4,1923
shore,4,1924
fresh,4,1925
hastened,4,1926
dowager,4,1927
invitations,4,1928
favourable,4,1929
pavement,4,1930
employment,4,1931
polite,4,1932
applications,4,1933
union,4,1934
unhappy,4,1935
weak,4,1936
water,4,1937
happens,3,1938
demands,3,1939
stile,3,1940
helpless,3,1941
reverse,3,1942
windows,3,1943
withstand,3,1944
minds,3,1945
unaffected,3,1946
affectionate,3,1947
endeavour,3,1948
named,3,1949
exclamations,3,1950
wit,3,1951
hart,3,1952
group,3,1953
affluence,3,1954
remarkably,3,1955
solicited,3,1956
suppressed,3,1957
professed,3,1958
delicate,3,1959
prepared,3,1960
resist,3,1961
mansion,3,1962
happening,3,1963
prompted,3,1964
entreaty,3,1965
sex,3,1966
nobility,3,1967
improper,3,1968
rising,3,1969
pleasures,3,1970
disapprobation,3,1971
examined,3,1972
merry,3,1973
relative,3,1974
english,3,1975
judged,3,1976
breathe,3,1977
continual,3,1978
confined,3,1979
hospitality,3,1980
awful,3,1981
somewhat,3,1982
accepted,3,1983
bench,3,1984
chat,3,1985
admiring,3,1986
discussion,3,1987
penance,3,1988
foul,3,1989
gowland,3,1990
practice,3,1991
nation,3,1992
chosen,3,1993
perception,3,1994
disappeared,3,1995
dinners,3,1996
esteem,3,1997
imprudent,3,1998
grave,3,1999
indignation,3,2000
enabled,3,2001
brothers,3,2002
retrench,3,2003
originally,3,2004
suggested,3,2005
attempted,3,2006
allowance,3,2007
noises,3,2008
gently,3,2009
ordered,3,2010
protested,3,2011
shock,3,2012
singing,3,2013
frequent,3,2014
keeping,3,2015
edward,3,2016
formal,3,2017
wearing,3,2018
checking,3,2019
similar,3,2020
fellows,3,2021
patient,3,2022
resolve,3,2023
observant,3,2024
addressing,3,2025
contemplation,3,2026
prevailed,3,2027
addresses,3,2028
schoolfellow,3,2029
chief,3,2030
nearest,3,2031
apt,3,2032
engrossed,3,2033
alacrity,3,2034
surrounded,3,2035
lasting,3,2036
recommended,3,2037
catching,3,2038
bid,3,2039
cases,3,2040
absolute,3,2041
thankful,3,2042
claimed,3,2043
questioned,3,2044
calculated,3,2045
mentioning,3,2046
perpetual,3,2047
ancient,3,2048
coolly,3,2049
thousands,3,2050
treated,3,2051
involving,3,2052
seeming,3,2053
rent,3,2054
parlour,3,2055
providence,3,2056
extreme,3,2057
lessen,3,2058
hastily,3,2059
submit,3,2060
stationed,3,2061
direct,3,2062
sloop,3,2063
basil,3,2064
pardoned,3,2065
confirm,3,2066
instinctively,3,2067
bore,3,2068
game,3,2069
east,3,2070
excusable,3,2071
imagination,3,2072
conference,3,2073
frigate,3,2074
st,3,2075
pleasanter,3,2076
disgust,3,2077
excellence,3,2078
arriving,3,2079
discretion,3,2080
officers,3,2081
utmost,3,2082
emotions,3,2083
amusing,3,2084
instance,3,2085
ere,3,2086
daughter's,3,2087
day's,3,2088
fear,3,2089
shropshire,3,2090
thoughtful,3,2091
portion,3,2092
accommodation,3,2093
hedge,3,2094
gladly,3,2095
brother's,3,2096
invalid,3,2097
removing,3,2098
misled,3,2099
grow,3,2100
dreadfully,3,2101
endeavoured,3,2102
breaking,3,2103
wonderful,3,2104
practicable,3,2105
buy,3,2106
probability,3,2107
midst,3,2108
correct,3,2109
amidst,3,2110
portsmouth,3,2111
complaints,3,2112
intelligible,3,2113
economy,3,2114
furnish,3,2115
deference,3,2116
throwing,3,2117
worked,3,2118
preparation,3,2119
upper,3,2120
step,3,2121
ignorance,3,2122
reflect,3,2123
wiser,3,2124
ran,3,2125
safety,3,2126
road,3,2127
strange,3,2128
excused,3,2129
sufferings,3,2130
wonders,3,2131
enjoyed,3,2132
accepting,3,2133
reception,3,2134
courteous,3,2135
waste,3,2136
unwilling,3,2137
bewitching,3,2138
consult,3,2139
faded,3,2140
enthusiasm,3,2141
recent,3,2142
four-and-twenty,3,2143
sacrifices,3,2144
recollecting,3,2145
charms,3,2146
softened,3,2147
previous,3,2148
seeking,3,2149
unfortunate,3,2150
principles,3,2151
range,3,2152
resolute,3,2153
preserve,3,2154
gain,3,2155
tolerably,3,2156
deemed,3,2157
engagements,3,2158
size,3,2159
beneath,3,2160
deserve,3,2161
senses,3,2162
released,3,2163
animate,3,2164
sits,3,2165
distinction,3,2166
speed,3,2167
hence,3,2168
slightest,3,2169
tall,3,2170
readiness,3,2171
knocked,3,2172
afflicted,3,2173
shake,3,2174
appearing,3,2175
lot,3,2176
fashion,3,2177
utility,3,2178
learning,3,2179
beloved,3,2180
mark,3,2181
overpowering,3,2182
grief,3,2183
stranger,3,2184
exist,3,2185
condition,3,2186
paying,3,2187
ascertained,3,2188
minutiae,3,2189
playing,3,2190
model,3,2191
height,3,2192
apologies,3,2193
inevitably,3,2194
dropped,3,2195
ring,3,2196
sighed,3,2197
fetch,3,2198
ardour,3,2199
bottom,3,2200
keener,3,2201
cares,3,2202
prudent,3,2203
grappler,3,2204
asunder,3,2205
cape,3,2206
sorrow,3,2207
blood,3,2208
shrink,3,2209
amongst,3,2210
appointed,3,2211
expenses,3,2212
questions,3,2213
baldwin,3,2214
garden,3,2215
spoilt,3,2216
fourteen,3,2217
supposition,3,2218
hour's,3,2219
involve,3,2220
restraints,3,2221
holds,3,2222
sands,3,2223
amiss,3,2224
engaging,3,2225
avoided,3,2226
christian,3,2227
analogy,3,2228
prefer,3,2229
progress,3,2230
professions,3,2231
yarmouth,3,2232
seventeen,3,2233
thither,3,2234
yielding,3,2235
varieties,3,2236
art,3,2237
relieved,3,2238
conceived,3,2239
message,3,2240
chamber,3,2241
affections,3,2242
fifteen,3,2243
interview,3,2244
unquestionably,3,2245
faith,3,2246
gravely,3,2247
raising,3,2248
unkind,3,2249
sickness,3,2250
liberality,3,2251
examples,3,2252
scattered,3,2253
interested,3,2254
faces,3,2255
tranquillity,3,2256
wondering,3,2257
spare,3,2258
ball,3,2259
aggravation,3,2260
design,3,2261
expecting,3,2262
unfairly,3,2263
lament,3,2264
satisfy,3,2265
display,3,2266
richer,3,2267
awkward,3,2268
containing,3,2269
hedge-row,3,2270
alter,3,2271
doubts,3,2272
plenty,3,2273
everywhere,3,2274
perfection,3,2275
breathed,3,2276
injustice,3,2277
reconcile,3,2278
resignation,3,2279
stage,3,2280
fearful,3,2281
worn,3,2282
twenty-four,3,2283
scruples,3,2284
declining,3,2285
solicitous,3,2286
blessings,3,2287
entitled,3,2288
joint,3,2289
informed,3,2290
horse,3,2291
post,3,2292
quicker,3,2293
laughed,3,2294
affectionately,3,2295
idle,3,2296
newspapers,3,2297
encounter,3,2298
agitated,3,2299
engage,3,2300
discerned,3,2301
indisposition,3,2302
ships,3,2303
suspicious,3,2304
colour,3,2305
guided,3,2306
repeating,3,2307
cheerfully,3,2308
date,3,2309
provided,3,2310
cease,3,2311
gate,3,2312
hanging,3,2313
adopted,3,2314
shy,3,2315
monday,3,2316
regretting,3,2317
saved,3,2318
descriptions,3,2319
insult,3,2320
female,3,2321
across,3,2322
supported,3,2323
approached,3,2324
stepping,3,2325
novelty,3,2326
insensible,3,2327
doors,3,2328
positive,3,2329
abilities,3,2330
preferring,3,2331
fashioned,3,2332
settling,3,2333
existence,3,2334
parish,3,2335
apprehensions,3,2336
wondered,3,2337
moving,3,2338
implied,3,2339
regrets,3,2340
comparing,3,2341
resentment,3,2342
alluded,3,2343
afternoon,3,2344
additional,3,2345
remarks,3,2346
laid,3,2347
michaelmas,3,2348
affliction,3,2349
retired,3,2350
prospects,3,2351
fashionable,3,2352
dwell,3,2353
sympathy,3,2354
repose,3,2355
bias,3,2356
song,3,2357
limbs,3,2358
attendance,3,2359
honoured,3,2360
adjoining,3,2361
nursing,3,2362
addressed,3,2363
clergyman,3,2364
procure,3,2365
octagon,3,2366
operation,3,2367
answers,3,2368
alloy,3,2369
creatures,3,2370
june,3,2371
noticed,3,2372
nervous,3,2373
objects,3,2374
pursued,3,2375
unwelcome,3,2376
press,3,2377
whispered,3,2378
belmont,3,2379
communicate,3,2380
increasing,3,2381
snug,3,2382
nursery-maid,3,2383
dislike,3,2384
person's,3,2385
suitable,3,2386
thursday,3,2387
unlike,3,2388
fervent,3,2389
impulse,3,2390
passage,3,2391
concluded,3,2392
gibraltar,3,2393
confused,3,2394
grandeur,3,2395
guidance,3,2396
troublesome,3,2397
rapidity,3,2398
shook,3,2399
unguarded,2,2400
announce,2,2401
forms,2,2402
unpardonable,2,2403
possess,2,2404
fastidious,2,2405
species,2,2406
undertakes,2,2407
seas,2,2408
counsel,2,2409
dim,2,2410
inconstant,2,2411
advised,2,2412
chanced,2,2413
affect,2,2414
handsomer,2,2415
page,2,2416
unsatisfactory,2,2417
curtailed,2,2418
deny,2,2419
alicia,2,2420
substantial,2,2421
averted,2,2422
extenuation,2,2423
penelope,2,2424
gardens,2,2425
sanguine,2,2426
perceptible,2,2427
conversing,2,2428
prose,2,2429
comprehensive,2,2430
crowded,2,2431
thornberry,2,2432
embarrassments,2,2433
yielded,2,2434
firm,2,2435
thicker,2,2436
presiding,2,2437
asserted,2,2438
february,2,2439
climate,2,2440
commander,2,2441
healthy,2,2442
responsible,2,2443
arch,2,2444
hesitation,2,2445
humble,2,2446
method,2,2447
dues,2,2448
offensive,2,2449
schemes,2,2450
self-possession,2,2451
requested,2,2452
ladyship's,2,2453
thick,2,2454
becomes,2,2455
uniting,2,2456
immoveable,2,2457
ireland,2,2458
wives,2,2459
butcher,2,2460
plead,2,2461
archibald,2,2462
heartily,2,2463
treat,2,2464
sacrificed,2,2465
esteemed,2,2466
walker,2,2467
man-of-war,2,2468
parent,2,2469
zealous,2,2470
needs,2,2471
throw,2,2472
market,2,2473
gaiety,2,2474
revolving,2,2475
irresolute,2,2476
elevated,2,2477
landlord,2,2478
interests,2,2479
gossip,2,2480
opposed,2,2481
defence,2,2482
limited,2,2483
calmly,2,2484
gallant,2,2485
disposal,2,2486
creations,2,2487
gifted,2,2488
remainder,2,2489
crewkherne,2,2490
scott,2,2491
reaching,2,2492
modes,2,2493
articles,2,2494
likewise,2,2495
noble,2,2496
partialities,2,2497
gradual,2,2498
upright,2,2499
shot,2,2500
parts,2,2501
walks,2,2502
reward,2,2503
tied,2,2504
commission,2,2505
vague,2,2506
smiths,2,2507
instrument,2,2508
innoxious,2,2509
betraying,2,2510
perplexity,2,2511
guard,2,2512
captains,2,2513
numerous,2,2514
contradict,2,2515
request,2,2516
representing,2,2517
stamped,2,2518
compounded,2,2519
toils,2,2520
aloud,2,2521
acceptable,2,2522
discredit,2,2523
envy,2,2524
contact,2,2525
staring,2,2526
pump,2,2527
converse,2,2528
speaks,2,2529
pronounced,2,2530
boasted,2,2531
conclude,2,2532
proposals,2,2533
orchestra,2,2534
neighbour,2,2535
reasoned,2,2536
accidentally,2,2537
drop,2,2538
contemplated,2,2539
bill,2,2540
fingers,2,2541
overpowered,2,2542
relate,2,2543
sport,2,2544
justified,2,2545
collecting,2,2546
finest,2,2547
devotion,2,2548
jumped,2,2549
occasioned,2,2550
successive,2,2551
forgive,2,2552
perseverance,2,2553
witnessing,2,2554
anew,2,2555
bay,2,2556
dissimilar,2,2557
exclaiming,2,2558
peculiarly,2,2559
heavy,2,2560
destination,2,2561
pushing,2,2562
henry,2,2563
charity,2,2564
firmness,2,2565
liberal,2,2566
prize,2,2567
field,2,2568
reserved,2,2569
july,2,2570
walls,2,2571
relied,2,2572
repeats,2,2573
hardship,2,2574
misfortune,2,2575
clouded,2,2576
first-rate,2,2577
abused,2,2578
contrived,2,2579
baronetage,2,2580
larger,2,2581
final,2,2582
john,2,2583
keenly,2,2584
veranda,2,2585
nothingness,2,2586
glowed,2,2587
omit,2,2588
baronetcy,2,2589
refusal,2,2590
sympathetic,2,2591
pressing,2,2592
foreseen,2,2593
debt,2,2594
privy,2,2595
supports,2,2596
sharp,2,2597
show,2,2598
sophia,2,2599
hat,2,2600
rumour,2,2601
consisted,2,2602
travelling,2,2603
fearless,2,2604
faint,2,2605
activity,2,2606
degrees,2,2607
efforts,2,2608
flatter,2,2609
barns,2,2610
unknown,2,2611
transient,2,2612
distinctly,2,2613
degrading,2,2614
penetrating,2,2615
laying,2,2616
outlived,2,2617
unintentionally,2,2618
visitor,2,2619
volumes,2,2620
seats,2,2621
derive,2,2622
hardened,2,2623
brigden,2,2624
jump,2,2625
assisting,2,2626
poet,2,2627
offence,2,2628
declaring,2,2629
exercise,2,2630
fitting-up,2,2631
bowed,2,2632
cousinly,2,2633
compromise,2,2634
discerning,2,2635
observances,2,2636
strolling,2,2637
shape,2,2638
extensive,2,2639
wore,2,2640
ill-will,2,2641
confirmation,2,2642
inferiority,2,2643
temples,2,2644
wall,2,2645
crossing,2,2646
contented,2,2647
coach,2,2648
grandson,2,2649
apartment,2,2650
sequel,2,2651
connections,2,2652
blushing,2,2653
built,2,2654
unfortunately,2,2655
topics,2,2656
lead,2,2657
toil,2,2658
approved,2,2659
lowness,2,2660
impossibility,2,2661
ample,2,2662
outward,2,2663
mamma's,2,2664
further,2,2665
ushered,2,2666
lend,2,2667
preserving,2,2668
dependent,2,2669
nursery,2,2670
situated,2,2671
apologize,2,2672
ascertaining,2,2673
uneasiness,2,2674
unconnected,2,2675
presume,2,2676
voices,2,2677
extension,2,2678
shortly,2,2679
promising,2,2680
suggestions,2,2681
requires,2,2682
dissuade,2,2683
goes,2,2684
orders,2,2685
acknowledgement,2,2686
assiduous,2,2687
occupy,2,2688
conceal,2,2689
proposal,2,2690
vigour,2,2691
embarrassment,2,2692
pensive,2,2693
plans,2,2694
fat,2,2695
flattery,2,2696
sakes,2,2697
musings,2,2698
unexpected,2,2699
exerted,2,2700
teaze,2,2701
watchfulness,2,2702
dutiful,2,2703
household,2,2704
curtsey,2,2705
consented,2,2706
intently,2,2707
entreaties,2,2708
concealed,2,2709
robinson,2,2710
acquiescence,2,2711
whispering,2,2712
apply,2,2713
raise,2,2714
madam,2,2715
humoured,2,2716
landlady,2,2717
heightened,2,2718
exceptions,2,2719
studiously,2,2720
cultivated,2,2721
uncomfortable,2,2722
plants,2,2723
directions,2,2724
arising,2,2725
motives,2,2726
pretended,2,2727
foreign,2,2728
subdue,2,2729
reverted,2,2730
groves,2,2731
persisted,2,2732
oppressed,2,2733
quarters,2,2734
treachery,2,2735
revival,2,2736
forgets,2,2737
negative,2,2738
raptures,2,2739
limits,2,2740
devoted,2,2741
characters,2,2742
unequal,2,2743
bound,2,2744
centre,2,2745
insignificant,2,2746
french,2,2747
charmed,2,2748
accomplished,2,2749
wet,2,2750
succeed,2,2751
solely,2,2752
wedding-clothes,2,2753
attachments,2,2754
beforehand,2,2755
mirth,2,2756
apprehend,2,2757
reckoning,2,2758
foreseeing,2,2759
bows,2,2760
inquired,2,2761
perceived,2,2762
praised,2,2763
exposing,2,2764
agreement,2,2765
await,2,2766
modesty,2,2767
opportunities,2,2768
guide,2,2769
trace,2,2770
proportions,2,2771
disparity,2,2772
meadow,2,2773
address,2,2774
representation,2,2775
expense,2,2776
dreaded,2,2777
missed,2,2778
remove,2,2779
expectations,2,2780
doctor,2,2781
accommodate,2,2782
warmest,2,2783
good-natured,2,2784
shocking,2,2785
hoping,2,2786
lieutenant,2,2787
amuse,2,2788
open-hearted,2,2789
anticipated,2,2790
dictate,2,2791
disrespectfully,2,2792
port,2,2793
efficacy,2,2794
pitiful,2,2795
regarded,2,2796
regulations,2,2797
reasoning,2,2798
situations,2,2799
paused,2,2800
sentence,2,2801
ruined,2,2802
prevailing,2,2803
overpowers,2,2804
using,2,2805
shares,2,2806
ives,2,2807
fire,2,2808
neglected,2,2809
scheming,2,2810
ha,2,2811
lest,2,2812
irish,2,2813
strengthened,2,2814
window-curtains,2,2815
hitherto,2,2816
introduce,2,2817
exceed,2,2818
self-denying,2,2819
newspaper,2,2820
tones,2,2821
finished,2,2822
publications,2,2823
anybody's,2,2824
threw,2,2825
wear,2,2826
upset,2,2827
gout,2,2828
omitted,2,2829
educated,2,2830
refuse,2,2831
august,2,2832
somerset,2,2833
appearances,2,2834
desired,2,2835
aid,2,2836
securing,2,2837
acted,2,2838
fitted,2,2839
uprightness,2,2840
piano-forte,2,2841
start,2,2842
visions,2,2843
supporting,2,2844
cordial,2,2845
brilliancy,2,2846
condolence,2,2847
extent,2,2848
shabby,2,2849
vacant,2,2850
gun,2,2851
anger,2,2852
dreading,2,2853
land,2,2854
qualified,2,2855
sincerely,2,2856
division,2,2857
unmanageable,2,2858
sarah,2,2859
husbands,2,2860
portraits,2,2861
contemplate,2,2862
touched,2,2863
relinquishing,2,2864
ones,2,2865
saving,2,2866
foolish,2,2867
enjoyments,2,2868
lisbon,2,2869
explains,2,2870
nonsensical,2,2871
artful,2,2872
argument,2,2873
tooth,2,2874
wallises,2,2875
amazement,2,2876
induce,2,2877
withdraw,2,2878
visiting,2,2879
apothecary,2,2880
defect,2,2881
dull,2,2882
modern,2,2883
gentlemanlike,2,2884
rejoicing,2,2885
allowances,2,2886
deeper,2,2887
edward's,2,2888
secondly,2,2889
talents,2,2890
discourse,2,2891
lessons,2,2892
justify,2,2893
shrewd,2,2894
deception,2,2895
cliffs,2,2896
finances,2,2897
sacrifice,2,2898
brain,2,2899
establishment,2,2900
buzz,2,2901
reserve,2,2902
coldness,2,2903
violent,2,2904
prosperous,2,2905
looking-glasses,2,2906
started,2,2907
shewing,2,2908
rub,2,2909
pictures,2,2910
pointedly,2,2911
variety,2,2912
afforded,2,2913
states,2,2914
capital,2,2915
replying,2,2916
theatre,2,2917
durable,2,2918
internal,2,2919
bit,2,2920
hesitated,2,2921
designing,2,2922
discovery,2,2923
thin,2,2924
fatigue,2,2925
boy's,2,2926
alteration,2,2927
action,2,2928
relenting,2,2929
gloves,2,2930
forgetting,2,2931
frightened,2,2932
renewing,2,2933
deceive,2,2934
presumed,2,2935
seven-and-twenty,2,2936
spontaneous,2,2937
cunning,2,2938
bedroom,2,2939
fever,2,2940
prejudice,2,2941
what's,2,2942
hard-hearted,2,2943
hung,2,2944
chiefly,2,2945
infirm,2,2946
example,2,2947
actions,2,2948
seized,2,2949
steadiness,2,2950
attractions,2,2951
irritation,2,2952
reformation,2,2953
landed,2,2954
suspension,2,2955
gouty,2,2956
preparations,2,2957
contrasted,2,2958
collect,2,2959
maintained,2,2960
midshipmen,2,2961
benevolent,2,2962
freely,2,2963
dining-room,2,2964
lady's,2,2965
exultation,2,2966
larolles,2,2967
soften,2,2968
presumptive,2,2969
apprehension,2,2970
moral,2,2971
blushed,2,2972
foresee,2,2973
scrupulous,2,2974
origin,2,2975
recommendations,2,2976
parcel,2,2977
lamenting,2,2978
rained,2,2979
willingly,2,2980
projected,2,2981
seniority,2,2982
storms,2,2983
viscount,2,2984
top,2,2985
vex,2,2986
mansion-house,2,2987
leaves,2,2988
unconcerned,2,2989
respected,2,2990
disordered,2,2991
concluding,2,2992
trick,2,2993
unfounded,2,2994
trusted,2,2995
entertaining,2,2996
disappointments,2,2997
facts,2,2998
attaching,2,2999
lesser,2,3000
blows,2,3001
creditable,2,3002
heaven's,2,3003
forbearance,2,3004
resolutely,2,3005
filling,2,3006
middle,2,3007
desirous,2,3008
squire,2,3009
cross,2,3010
graciously,2,3011
byron,2,3012
promote,2,3013
red,2,3014
brings,2,3015
imaginary,2,3016
decline,2,3017
folding,2,3018
correspondent,2,3019
blue,2,3020
thorough,2,3021
trees,2,3022
carriages,2,3023
marriages,2,3024
overlooked,2,3025
visible,2,3026
dressing-room,2,3027
unqualified,2,3028
yourselves,2,3029
ear,2,3030
moralists,2,3031
stepped,2,3032
punctually,2,3033
removals,2,3034
confident,2,3035
associations,2,3036
symptoms,2,3037
choosing,2,3038
gloried,2,3039
tendency,2,3040
charmouth,2,3041
dozen,2,3042
resenting,2,3043
comprehending,2,3044
process,2,3045
necessarily,2,3046
contend,2,3047
pained,2,3048
weaken,2,3049
songs,2,3050
re-established,2,3051
tongue,2,3052
delays,2,3053
sweets,2,3054
roof,2,3055
protesting,2,3056
composedly,2,3057
pretence,2,3058
high-wrought,2,3059
paragraph,2,3060
usage,2,3061
trivial,2,3062
ascent,2,3063
exposed,2,3064
sensibly,2,3065
privileges,2,3066
feet,2,3067
benches,2,3068
uneasy,2,3069
hasty,2,3070
five-and-twenty,2,3071
disdain,2,3072
sporting,2,3073
ashore,2,3074
giaour,2,3075
fortunate,2,3076
glances,2,3077
d'ye,2,3078
w,2,3079
enquiring,2,3080
flying,2,3081
unseen,2,3082
cruelty,2,3083
measure,2,3084
cousin's,2,3085
child's,2,3086
crowd,2,3087
papers,2,3088
quotations,2,3089
turns,2,3090
guessed,2,3091
buried,2,3092
complaint,2,3093
nodded,2,3094
hypocrite,2,3095
suits,2,3096
ecstasy,2,3097
o'clock,2,3098
lingering,2,3099
stories,2,3100
penetrated,2,3101
dated,2,3102
observations,2,3103
assertion,2,3104
rouse,2,3105
estrangement,2,3106
entertain,2,3107
partially,2,3108
mixed,2,3109
surprises,2,3110
apartments,2,3111
disgrace,2,3112
mortifying,2,3113
aside,2,3114
ranked,2,3115
confinement,2,3116
gig,2,3117
oblivion,2,3118
unconsciously,2,3119
confirmed,2,3120
best-looking,2,3121
somehow,2,3122
degradation,2,3123
generous,2,3124
reductions,2,3125
materially,2,3126
lawyer,2,3127
good-looking,2,3128
reflections,2,3129
triumph,2,3130
mildness,2,3131
pretensions,2,3132
crossed,2,3133
pressed,2,3134
blooming,2,3135
improvements,2,3136
well-bred,2,3137
extravagant,2,3138
protection,2,3139
wretchedness,2,3140
hills,2,3141
solicitudes,2,3142
declaration,2,3143
lying,2,3144
compliance,2,3145
loves,2,3146
concerning,2,3147
entire,2,3148
females,2,3149
flower,2,3150
smooth,2,3151
poetical,2,3152
charitable,2,3153
listener,2,3154
bodily,2,3155
inevitable,2,3156
inns,2,3157
scholar,2,3158
virtues,2,3159
friendliness,2,3160
vexation,2,3161
sounded,2,3162
independent,2,3163
slow,2,3164
provoke,2,3165
faults,2,3166
ignorant,2,3167
directing,2,3168
standard,2,3169
rated,2,3170
ours,2,3171
designs,2,3172
preventing,2,3173
conceive,2,3174
results,2,3175
shirley's,2,3176
interfering,2,3177
impatience,2,3178
conjectured,2,3179
slighted,2,3180
boots,2,3181
behaving,2,3182
nights,2,3183
permanently,2,3184
study,2,3185
decorum,2,3186
slipped,2,3187
widower,2,3188
fill,2,3189
applying,2,3190
lent,2,3191
mortifications,2,3192
likes,2,3193
haste,2,3194
divide,2,3195
term,2,3196
elsewhere,2,3197
checked,2,3198
rocks,2,3199
collar-bone,2,3200
charge,2,3201
recently,2,3202
sandy-haired,2,3203
prime,2,3204
anticipating,2,3205
tax,2,3206
promotion,2,3207
tide,2,3208
strongly,2,3209
appears,2,3210
wounded,2,3211
rejoinder,2,3212
custom,2,3213
correspondence,2,3214
reluctant,2,3215
mouth,2,3216
dogs,2,3217
accomplish,2,3218
neat,2,3219
bearing,2,3220
imaginations,2,3221
promises,2,3222
offices,2,3223
compatible,2,3224
dwelt,2,3225
torment,2,3226
revived,2,3227
sunday,2,3228
prepare,2,3229
flow,2,3230
consequences,2,3231
coarse,2,3232
weather-beaten,2,3233
heavens,2,3234
exception,2,3235
pelisse,2,3236
generosity,2,3237
build,2,3238
losing,2,3239
hereabouts,2,3240
dalrymple's,2,3241
descending,2,3242
foresight,2,3243
consistent,2,3244
obeyed,2,3245
occasions,2,3246
arrange,2,3247
materials,2,3248
revolting,2,3249
heedless,2,3250
sixteen,2,3251
double,2,3252
directed,2,3253
require,2,3254
discern,2,3255
entertained,2,3256
advising,2,3257
apace,2,3258
floor,2,3259
simple,2,3260
over-scrupulous,2,3261
shrubberies,2,3262
utter,2,3263
universal,2,3264
ridicule,2,3265
honesty,2,3266
wholly,2,3267
improving,2,3268
reduced,2,3269
showed,2,3270
properest,2,3271
appealed,2,3272
invariably,2,3273
penetration,2,3274
knelt,2,3275
reprieve,1,3276
break-up,1,3277
lighted,1,3278
tribute,1,3279
exhibited,1,3280
supportable,1,3281
amends,1,3282
disadvantage,1,3283
leg,1,3284
wont,1,3285
proprieties,1,3286
behold,1,3287
grandfather,1,3288
canvassed,1,3289
persuading,1,3290
dropt,1,3291
cordially,1,3292
offspring,1,3293
pathetic,1,3294
reasonably,1,3295
sore,1,3296
unheard,1,3297
annual,1,3298
humiliating,1,3299
frequently,1,3300
valet,1,3301
silk,1,3302
beautifying,1,3303
care-worn,1,3304
enemy,1,3305
well-known,1,3306
preliminary,1,3307
consoling,1,3308
injurious,1,3309
acre,1,3310
"place,""--""our",1,3311
distinct,1,3312
sea-shore,1,3313
twelve-month,1,3314
slightingly,1,3315
relieve,1,3316
frederick's,1,3317
revel,1,3318
re-urge,1,3319
groom,1,3320
resemblance,1,3321
fait,1,3322
confided,1,3323
forbearing,1,3324
considerably,1,3325
over-anxious,1,3326
energy,1,3327
deplore,1,3328
farewell,1,3329
discharging,1,3330
cheshire,1,3331
joyous-talking,1,3332
owners,1,3333
attributing,1,3334
details,1,3335
denoted,1,3336
gifts,1,3337
submitting,1,3338
shelves,1,3339
amount,1,3340
indebted,1,3341
wreck,1,3342
bespoke,1,3343
aspect,1,3344
possibilities,1,3345
school-fellow,1,3346
particularize,1,3347
tenantry,1,3348
sung,1,3349
import,1,3350
spicers,1,3351
a'n't,1,3352
atmosphere,1,3353
indicate,1,3354
instantaneously,1,3355
crown,1,3356
appears--i,1,3357
immethodical,1,3358
boldly,1,3359
entitle,1,3360
still-born,1,3361
incumbrance,1,3362
strikingly,1,3363
existed,1,3364
disgraceful,1,3365
oral,1,3366
jar,1,3367
obligated,1,3368
disfigured,1,3369
maid's,1,3370
contemptible,1,3371
branch,1,3372
unsolicitous,1,3373
prey,1,3374
assorting,1,3375
objected,1,3376
record,1,3377
accessions,1,3378
conversant,1,3379
narratives,1,3380
knife,1,3381
lobby,1,3382
beach,1,3383
drop's,1,3384
superiors,1,3385
weathered,1,3386
dining-rooms,1,3387
regards,1,3388
cork,1,3389
publish,1,3390
symptom,1,3391
sources,1,3392
rowed,1,3393
pleases,1,3394
infuse,1,3395
deprecated,1,3396
officer's,1,3397
mischance,1,3398
rumours,1,3399
expedition,1,3400
methods,1,3401
advertise,1,3402
deplorable-looking,1,3403
guilt,1,3404
delicious,1,3405
persevered,1,3406
commonplace,1,3407
discontented,1,3408
oblige,1,3409
resembling,1,3410
inhumanity,1,3411
chattering,1,3412
treasures,1,3413
home--am,1,3414
laundry-door,1,3415
supplies,1,3416
reverie,1,3417
orange,1,3418
unknowingly,1,3419
accompanying,1,3420
whither,1,3421
precaution,1,3422
lateness,1,3423
inspired,1,3424
eighty-seven,1,3425
authentic,1,3426
condescending,1,3427
retain,1,3428
e,1,3429
stout,1,3430
people's,1,3431
thickest,1,3432
gross,1,3433
harassing,1,3434
disturb,1,3435
shining,1,3436
surrounding,1,3437
squareness,1,3438
slowly,1,3439
romantic,1,3440
evenings,1,3441
extant,1,3442
appeased,1,3443
enclosed,1,3444
embarrass,1,3445
transgressions,1,3446
anxieties,1,3447
abydos,1,3448
perpetuated,1,3449
dividing,1,3450
disgusting,1,3451
felicitous,1,3452
foreboding,1,3453
uncle,1,3454
tremulously,1,3455
genius,1,3456
devoting,1,3457
positively,1,3458
prejudices,1,3459
unembarrassed,1,3460
delayed,1,3461
great-coat,1,3462
nothing-saying,1,3463
divisions,1,3464
reports,1,3465
gaze,1,3466
expression--so,1,3467
projecting,1,3468
bespeak,1,3469
render,1,3470
clamour,1,3471
protestations,1,3472
rejoined,1,3473
concealing,1,3474
five-and-thirty,1,3475
newest,1,3476
refutation,1,3477
skin,1,3478
respectably,1,3479
envied,1,3480
rubbish,1,3481
soothe,1,3482
foresaw,1,3483
helped,1,3484
fields,1,3485
safer,1,3486
honest,1,3487
one-and-thirty,1,3488
captivate,1,3489
fruitless,1,3490
whoever,1,3491
contiguous,1,3492
dirt,1,3493
past--and,1,3494
reflected,1,3495
investigation,1,3496
ill--a,1,3497
teach,1,3498
producing,1,3499
self-importance,1,3500
callers,1,3501
tradespeople,1,3502
"ay,--mr",1,3503
self-delusion,1,3504
permanent,1,3505
deranged,1,3506
succession,1,3507
unconsciousness,1,3508
emboldened,1,3509
overthrow,1,3510
yeomen,1,3511
collections,1,3512
flat,1,3513
journeys,1,3514
seizure,1,3515
acute,1,3516
thankfulness,1,3517
tempers,1,3518
retrenching,1,3519
suspicions,1,3520
resources,1,3521
force,1,3522
acquittal,1,3523
domingo,1,3524
pardonable,1,3525
cook,1,3526
enviable,1,3527
dejected,1,3528
curtains,1,3529
remonstrance,1,3530
quarrelling,1,3531
afterwards.--she,1,3532
desperation,1,3533
created,1,3534
squares,1,3535
instruction,1,3536
won,1,3537
consigned,1,3538
assistant,1,3539
indecisive,1,3540
spoils,1,3541
attacks,1,3542
meat,1,3543
frankness,1,3544
release,1,3545
formality,1,3546
good-breeding,1,3547
gown,1,3548
prior,1,3549
favourer,1,3550
glued,1,3551
rupture,1,3552
grove,1,3553
unnatural,1,3554
earth,1,3555
gates,1,3556
cuts,1,3557
headship,1,3558
spoiled,1,3559
coat,1,3560
entangled,1,3561
sailor's,1,3562
unacknowledged,1,3563
broodings,1,3564
compact,1,3565
earn,1,3566
impose,1,3567
disagreement,1,3568
instrumental,1,3569
plaguing,1,3570
cluster,1,3571
giddy,1,3572
misapprehension,1,3573
clumsy,1,3574
miniature,1,3575
finery,1,3576
heave,1,3577
resented,1,3578
catastrophe,1,3579
blindness,1,3580
intervening,1,3581
fruit,1,3582
catalogue,1,3583
displaying,1,3584
poured,1,3585
offend,1,3586
insinuating,1,3587
derived,1,3588
blister,1,3589
sunshine,1,3590
severed,1,3591
laundry-maid,1,3592
precluded,1,3593
pausing,1,3594
recomposed,1,3595
restoring,1,3596
accosted,1,3597
breeding,1,3598
estimable,1,3599
superiorities,1,3600
stuff,1,3601
governed,1,3602
deceived,1,3603
card-racks,1,3604
prayer,1,3605
landholder,1,3606
home--was,1,3607
special,1,3608
explanatory,1,3609
rut,1,3610
mischievous,1,3611
tale,1,3612
immortality,1,3613
cleansed,1,3614
discriminating,1,3615
indignant,1,3616
equity,1,3617
obviously,1,3618
quicken,1,3619
successful,1,3620
morrow--actually,1,3621
noisy,1,3622
repulsively,1,3623
self-will,1,3624
irrational,1,3625
wrinkles,1,3626
shipwrecked,1,3627
joyous,1,3628
labourers,1,3629
violated,1,3630
folks,1,3631
levity,1,3632
refinement,1,3633
doted,1,3634
contrivances,1,3635
uses,1,3636
commonwealth,1,3637
leaf,1,3638
mightily,1,3639
stuck,1,3640
housekeepers,1,3641
interposed,1,3642
dealings,1,3643
spacious,1,3644
unobserved,1,3645
glass,1,3646
family-piece,1,3647
slender,1,3648
drinks,1,3649
take-leave,1,3650
ultimate,1,3651
statement,1,3652
infatuation,1,3653
guarding,1,3654
agent,1,3655
contractions,1,3656
humours,1,3657
distresses,1,3658
defended,1,3659
source,1,3660
clearer,1,3661
bursting,1,3662
lace,1,3663
bodies,1,3664
acquisition,1,3665
altering,1,3666
grandfathers,1,3667
repack,1,3668
discovered,1,3669
wary,1,3670
vine,1,3671
comfortless,1,3672
eight-and-thirty,1,3673
crime,1,3674
springs,1,3675
steadiest,1,3676
inquiries,1,3677
representative,1,3678
recommencing,1,3679
baronight,1,3680
maturity,1,3681
unobservant,1,3682
overflowing,1,3683
stupid,1,3684
managing,1,3685
applicant,1,3686
injunctions,1,3687
hears,1,3688
gives,1,3689
go--charles,1,3690
upwards,1,3691
tyranny,1,3692
false,1,3693
doubtless,1,3694
national,1,3695
wearisome,1,3696
borders,1,3697
payment,1,3698
youthful,1,3699
alliances,1,3700
fire-place,1,3701
church's,1,3702
glorious,1,3703
conceiving,1,3704
requiring,1,3705
trodden,1,3706
quest,1,3707
withered,1,3708
gravel,1,3709
fathers,1,3710
perforce,1,3711
stretching,1,3712
au,1,3713
endured,1,3714
scarecrows,1,3715
feature,1,3716
countenances,1,3717
pooles,1,3718
fine--i,1,3719
reconciled,1,3720
hid,1,3721
anguish,1,3722
fresh-formed,1,3723
eight-and-twentieth,1,3724
re-perusal,1,3725
scandalous,1,3726
reasons,1,3727
"clergyman;--""and",1,3728
lawns,1,3729
faltering,1,3730
tune,1,3731
whine,1,3732
finishing,1,3733
treaty,1,3734
usages,1,3735
two-and-twenty,1,3736
depriving,1,3737
balanced,1,3738
surmised,1,3739
hates,1,3740
frosts,1,3741
actuated,1,3742
temperament,1,3743
summit,1,3744
judgements,1,3745
defied,1,3746
odious,1,3747
manor,1,3748
gold,1,3749
surveyor,1,3750
heyday,1,3751
transmitted,1,3752
noted,1,3753
confide,1,3754
speechless,1,3755
overspread,1,3756
beside,1,3757
abdication,1,3758
examine,1,3759
passer-by,1,3760
abode,1,3761
handwriting,1,3762
occurs,1,3763
emendation,1,3764
rose,1,3765
vanished,1,3766
marking,1,3767
strangest,1,3768
bridge,1,3769
umbrella,1,3770
cordials,1,3771
preachers,1,3772
representations,1,3773
governess's,1,3774
expedients,1,3775
right-mindedness,1,3776
glanced,1,3777
suddenness,1,3778
cling,1,3779
wood,1,3780
dissipations,1,3781
advanced,1,3782
bustle,1,3783
perpetrated,1,3784
enclosures,1,3785
parsonage,1,3786
partner,1,3787
lip,1,3788
unpolished,1,3789
arm-in-arm,1,3790
finis,1,3791
heels,1,3792
complication,1,3793
bitterest,1,3794
affluent,1,3795
original,1,3796
prompting,1,3797
quivering,1,3798
children's,1,3799
harmony,1,3800
powerless,1,3801
sameness,1,3802
labours,1,3803
renewed--very,1,3804
dinner-parties,1,3805
hardness,1,3806
placing,1,3807
extraordinarily,1,3808
fling,1,3809
bulky,1,3810
expensive,1,3811
mixture,1,3812
tempting,1,3813
discreet,1,3814
prettier,1,3815
disabled,1,3816
pavements,1,3817
association,1,3818
variance,1,3819
snatched,1,3820
secrets,1,3821
scanty,1,3822
laundress,1,3823
pace,1,3824
susceptible,1,3825
over-persuasion,1,3826
artist,1,3827
fund,1,3828
romance,1,3829
tawny,1,3830
ponder,1,3831
western,1,3832
multiply,1,3833
formidable,1,3834
indulged,1,3835
misses,1,3836
ill-judging,1,3837
welcoming,1,3838
entertainment,1,3839
tremulous,1,3840
ascending,1,3841
serve,1,3842
quieted,1,3843
thick-headed,1,3844
lieve,1,3845
nevertheless,1,3846
testimony,1,3847
perfume,1,3848
newspapermen,1,3849
transposed,1,3850
possessor,1,3851
pacing,1,3852
plague,1,3853
devoured,1,3854
fatal,1,3855
defying,1,3856
captures,1,3857
hurricane,1,3858
probabilities,1,3859
eligibilities,1,3860
unusual,1,3861
privileged,1,3862
stable-yard,1,3863
unfledged,1,3864
robinson's,1,3865
stays,1,3866
objections,1,3867
glossy,1,3868
trafalgar,1,3869
disquiet,1,3870
merged,1,3871
attends,1,3872
infected,1,3873
yard-arm,1,3874
traveller's,1,3875
hayter's,1,3876
shaken,1,3877
brethren,1,3878
reclaimed,1,3879
blains,1,3880
ill-disposed,1,3881
offended,1,3882
implying,1,3883
richard's,1,3884
earnestness,1,3885
mystery,1,3886
partly,1,3887
studied,1,3888
mother-in-law's,1,3889
unrivalled,1,3890
islands,1,3891
marmion,1,3892
amicable,1,3893
well-spelt,1,3894
laugh,1,3895
twelvemonth's,1,3896
residing,1,3897
caprice,1,3898
exceeding,1,3899
genteel,1,3900
preach,1,3901
wealthy,1,3902
dissolved,1,3903
inaccessible,1,3904
chances,1,3905
expedited,1,3906
pockets,1,3907
introducing,1,3908
carelessness,1,3909
allayed,1,3910
condescended,1,3911
maid,1,3912
emulating,1,3913
tolerate--which,1,3914
translate,1,3915
treading,1,3916
watches,1,3917
today,1,3918
corresponding,1,3919
sheriff,1,3920
ungrateful,1,3921
pinny,1,3922
hunt,1,3923
cheap,1,3924
broke,1,3925
admires,1,3926
inured,1,3927
food,1,3928
as--if,1,3929
younker,1,3930
poring,1,3931
proficient,1,3932
sun,1,3933
estimation,1,3934
distracting,1,3935
airs,1,3936
retrenchment,1,3937
combat,1,3938
insertion,1,3939
excluded,1,3940
brook,1,3941
unattended,1,3942
slip,1,3943
excursions,1,3944
twenty-three,1,3945
outline,1,3946
misconstruction,1,3947
trinkets,1,3948
frank,1,3949
violation,1,3950
undue,1,3951
by-the-bye,1,3952
elude,1,3953
scrawl,1,3954
unproductively,1,3955
gratifying,1,3956
tidings,1,3957
surname,1,3958
silver,1,3959
personally,1,3960
terror,1,3961
justness,1,3962
deliberation,1,3963
substitution,1,3964
astonishing,1,3965
enquirer,1,3966
hopelessness,1,3967
including,1,3968
dance,1,3969
"motto:--""principal",1,3970
rule,1,3971
three-and-twenty,1,3972
sturdy,1,3973
disagrees,1,3974
voluntary,1,3975
unsoftened,1,3976
incompatible,1,3977
re-assumed,1,3978
that--in,1,3979
longest,1,3980
precepts,1,3981
tattersall's,1,3982
encouragement,1,3983
poems,1,3984
grandchildren,1,3985
imprisonment,1,3986
wight,1,3987
remorse,1,3988
neighbouring,1,3989
twentieth,1,3990
requisitions,1,3991
idly,1,3992
minded,1,3993
non-commissioned,1,3994
sportsmen,1,3995
once--it,1,3996
impart,1,3997
renewal,1,3998
reprehensible,1,3999
spontaneously,1,4000
byron's,1,4001
suffers,1,4002
unemployed,1,4003
dugdale,1,4004
unpremeditated,1,4005
tempt,1,4006
century,1,4007
decrepitude,1,4008
frequenting,1,4009
soft,1,4010
painters,1,4011
annexed,1,4012
detected,1,4013
frost,1,4014
designed,1,4015
invaluable,1,4016
witness,1,4017
moderate,1,4018
capes,1,4019
aye,1,4020
authorising,1,4021
hide,1,4022
same--her,1,4023
curate's,1,4024
flower-stands,1,4025
disingenuous,1,4026
unexceptionable,1,4027
unutterable,1,4028
graciousness,1,4029
tranquillized,1,4030
native,1,4031
confer,1,4032
loving,1,4033
generation,1,4034
surmounting,1,4035
never-ending,1,4036
futurity,1,4037
stead,1,4038
credible,1,4039
incurred,1,4040
merciful,1,4041
fasten,1,4042
studying,1,4043
barely,1,4044
estranged,1,4045
defy,1,4046
tiresome,1,4047
imbibed,1,4048
clinging,1,4049
lameness,1,4050
kicking,1,4051
funds,1,4052
rumble,1,4053
duplicity,1,4054
watchman,1,4055
accuse,1,4056
heir-presumptive,1,4057
speedy,1,4058
persuasions,1,4059
fine-dressing,1,4060
avoidance,1,4061
unprejudiced,1,4062
unvisited,1,4063
unconsidered,1,4064
causes,1,4065
inducement,1,4066
sell,1,4067
acknowledgements,1,4068
commonest,1,4069
ruins,1,4070
endless,1,4071
blind,1,4072
well-bound,1,4073
guests,1,4074
reddened,1,4075
mad,1,4076
brother-in-law,1,4077
needed,1,4078
reported,1,4079
hotel,1,4080
chooses,1,4081
judiciously,1,4082
coarseness,1,4083
evade,1,4084
broad,1,4085
below,1,4086
i'll,1,4087
exclaim,1,4088
fine-looking,1,4089
violence,1,4090
generously,1,4091
eclat,1,4092
extinguish,1,4093
comforters,1,4094
thread-cases,1,4095
placid,1,4096
hazard,1,4097
exalt,1,4098
lighten,1,4099
indulges,1,4100
ordering,1,4101
neatness,1,4102
sweeps,1,4103
contributing,1,4104
beautifier,1,4105
powder,1,4106
mourner--only,1,4107
carts,1,4108
literary,1,4109
inexpressibly,1,4110
old-fashioned,1,4111
title,1,4112
gale,1,4113
diffused,1,4114
assiduously,1,4115
shift,1,4116
rushed,1,4117
heirs,1,4118
truths,1,4119
set-to,1,4120
confidential,1,4121
unreasonable,1,4122
expressly,1,4123
scientific,1,4124
consulting,1,4125
couples,1,4126
cripple,1,4127
regain,1,4128
to-night,1,4129
lectures,1,4130
printshop,1,4131
historian,1,4132
lightness,1,4133
covet,1,4134
stolen,1,4135
leaned,1,4136
reader,1,4137
self-indulgence,1,4138
farm,1,4139
prescribed,1,4140
singularity,1,4141
dearly,1,4142
misunderstood,1,4143
too-commanding,1,4144
reappeared,1,4145
shoulder,1,4146
rare,1,4147
purification,1,4148
murmur,1,4149
attentively,1,4150
"alacrity--""she",1,4151
restore,1,4152
heavily,1,4153
sessions,1,4154
owing,1,4155
contained,1,4156
embellishments,1,4157
stream,1,4158
uneventful,1,4159
pale,1,4160
absenting,1,4161
obtrusiveness,1,4162
calculates,1,4163
and--were,1,4164
hemmed,1,4165
undeviating,1,4166
impeaching,1,4167
spots,1,4168
hail,1,4169
guile,1,4170
deviated,1,4171
pretending,1,4172
accustomary,1,4173
deposited,1,4174
disposes,1,4175
adieu,1,4176
justly,1,4177
nephew's,1,4178
stares,1,4179
man--good,1,4180
burn,1,4181
omitting,1,4182
sentimental,1,4183
library,1,4184
follies,1,4185
imperiously,1,4186
overtook,1,4187
speculate,1,4188
flattering,1,4189
debts,1,4190
declares,1,4191
sweet-tempered,1,4192
sides,1,4193
captiously,1,4194
headache,1,4195
associate,1,4196
seated,1,4197
labouring,1,4198
streights,1,4199
disinclination,1,4200
contended,1,4201
nine-and-twenty,1,4202
smart,1,4203
advisable,1,4204
drays,1,4205
disturbed,1,4206
governing,1,4207
irritable,1,4208
re-entered,1,4209
common-place,1,4210
disliked,1,4211
kindle,1,4212
subdued,1,4213
recoverable,1,4214
baronet-blood,1,4215
hesitate,1,4216
needful,1,4217
proposing,1,4218
wantonly,1,4219
advise,1,4220
ears,1,4221
manage,1,4222
fatigued,1,4223
senseless,1,4224
officious,1,4225
congratulated,1,4226
selection,1,4227
grierson,1,4228
legacy,1,4229
oddly,1,4230
high-priced,1,4231
fresh-feeling,1,4232
ibbotsons,1,4233
comprehended,1,4234
works,1,4235
hedges,1,4236
freshness,1,4237
arranger,1,4238
beauties,1,4239
plods,1,4240
refresh,1,4241
smother,1,4242
struggles,1,4243
sick-room,1,4244
contradictory,1,4245
exquisitely,1,4246
toiling,1,4247
ninety-nine,1,4248
plighted,1,4249
nose,1,4250
yearly,1,4251
defiance,1,4252
retracted,1,4253
good-hearted,1,4254
elder,1,4255
ancestry,1,4256
insensibility,1,4257
intend,1,4258
explanations,1,4259
similarity,1,4260
climes,1,4261
hating,1,4262
outer,1,4263
environs--for,1,4264
numbers,1,4265
pattens,1,4266
recital,1,4267
sheweth,1,4268
knit,1,4269
aunts,1,4270
bewildering,1,4271
you--all,1,4272
queer,1,4273
privateers,1,4274
slam,1,4275
unanswered,1,4276
acres,1,4277
repossessed,1,4278
allowing,1,4279
renew,1,4280
bruise,1,4281
discoveries,1,4282
unexpectedly,1,4283
gracefully,1,4284
correctness,1,4285
insisting,1,4286
sheet,1,4287
luckily,1,4288
growth,1,4289
replaced,1,4290
intending,1,4291
mistaking,1,4292
sympathize,1,4293
inexcusable,1,4294
attractive,1,4295
undesired,1,4296
exeter,1,4297
prided,1,4298
reprobates,1,4299
manly,1,4300
privations,1,4301
affords,1,4302
sophys,1,4303
describe,1,4304
twenty-two,1,4305
consultations,1,4306
protegee,1,4307
bawling,1,4308
issuing,1,4309
pies,1,4310
durands,1,4311
unformed,1,4312
exaggeration,1,4313
"smith,--i",1,4314
blameless,1,4315
relators,1,4316
overwhelmed,1,4317
startle,1,4318
gainer,1,4319
louise,1,4320
performed,1,4321
grievance,1,4322
unaccountable,1,4323
requited,1,4324
ingenuity,1,4325
treason,1,4326
chairs,1,4327
extended,1,4328
refer,1,4329
breathings,1,4330
whispers,1,4331
steadfast,1,4332
assert,1,4333
richness,1,4334
frankland,1,4335
serving,1,4336
solemnity,1,4337
seemingly,1,4338
revolts,1,4339
forwardness,1,4340
ribbon,1,4341
ill-judged,1,4342
sore-throat,1,4343
legible,1,4344
check,1,4345
heaviest,1,4346
simplest,1,4347
door-bell,1,4348
blossoms,1,4349
bowing,1,4350
convictions,1,4351
dispose,1,4352
defective,1,4353
unpacked,1,4354
sufferer,1,4355
shifted,1,4356
stern,1,4357
appreciate,1,4358
awake,1,4359
qualities,1,4360
patents,1,4361
daughter-in-law's,1,4362
re-union,1,4363
certify,1,4364
hazarded,1,4365
prone,1,4366
dining,1,4367
1st,1,4368
insinuations,1,4369
rivals,1,4370
rules,1,4371
trent,1,4372
dawdling,1,4373
far-famed,1,4374
greeted,1,4375
woody,1,4376
scornfully,1,4377
speculations,1,4378
faithful,1,4379
sunny,1,4380
love-song,1,4381
varied,1,4382
playful,1,4383
defer,1,4384
prize-money,1,4385
apart,1,4386
originals,1,4387
retrospections,1,4388
disadvantages,1,4389
exchange,1,4390
impressed,1,4391
shadow,1,4392
wednesday,1,4393
enthusiast,1,4394
urgency,1,4395
grievances,1,4396
brightened,1,4397
judging,1,4398
straitened,1,4399
indispensable,1,4400
feign,1,4401
granting,1,4402
prettiest,1,4403
injured,1,4404
augur,1,4405
evening's,1,4406
shaking,1,4407
verses,1,4408
electrified,1,4409
sheep,1,4410
sixty,1,4411
duplicate,1,4412
chancing,1,4413
cellars,1,4414
"reply:--""elizabeth",1,4415
kneel,1,4416
unreasonably,1,4417
superfine,1,4418
retiring,1,4419
blighted,1,4420
resolving,1,4421
fly,1,4422
boasting,1,4423
wearied,1,4424
slighting,1,4425
wings,1,4426
represent,1,4427
endangering,1,4428
seclusion,1,4429
blowing,1,4430
bahama,1,4431
purse,1,4432
prepossession,1,4433
glasses,1,4434
gloucester,1,4435
dwelling,1,4436
toward,1,4437
beckoning,1,4438
unluckily,1,4439
singleness,1,4440
sealed,1,4441
trusting,1,4442
money--two,1,4443
dick's,1,4444
sufficiently,1,4445
steep,1,4446
silenced,1,4447
wonted,1,4448
ploughs,1,4449
apples,1,4450
preserves,1,4451
deputation,1,4452
lansdown,1,4453
comprehensible,1,4454
dropping,1,4455
unreasonableness,1,4456
winds,1,4457
well-informed,1,4458
pitch,1,4459
injuries,1,4460
assume,1,4461
dullest,1,4462
brand,1,4463
scolded,1,4464
considerately,1,4465
expressive,1,4466
flushed,1,4467
week's,1,4468
inequality,1,4469
twelvemonth,1,4470
distrusted,1,4471
examination,1,4472
transgressed,1,4473
holding,1,4474
sleep,1,4475
forgetful,1,4476
refute,1,4477
inconsolable,1,4478
governor,1,4479
tastes,1,4480
deficiencies,1,4481
inadvertencies,1,4482
maid-servant,1,4483
gladden,1,4484
retreating,1,4485
continue,1,4486
accused,1,4487
jesting,1,4488
knight,1,4489
duodecimo,1,4490
attack,1,4491
meditation,1,4492
served,1,4493
suitably,1,4494
felicities,1,4495
obtaining,1,4496
embellishment,1,4497
slightly,1,4498
elasticity,1,4499
nicety,1,4500
clerks,1,4501
painting,1,4502
hale,1,4503
match-maker,1,4504
mouths,1,4505
herself--i,1,4506
imitation,1,4507
shaped,1,4508
shrubbery,1,4509
march,1,4510
syllable,1,4511
broadest,1,4512
transformed,1,4513
lavish,1,4514
envelope,1,4515
marshal,1,4516
informs,1,4517
graceful,1,4518
body's,1,4519
herald,1,4520
bough,1,4521
conception,1,4522
arguing,1,4523
matrimony,1,4524
musical,1,4525
imperfection,1,4526
borough,1,4527
m,1,4528
unshackled,1,4529
urging,1,4530
harden,1,4531
incumbrances,1,4532
tearing,1,4533
gaining,1,4534
affronted,1,4535
dorsetshire,1,4536
seating,1,4537
dangers,1,4538
shade,1,4539
smirked,1,4540
eternal,1,4541
bruises,1,4542
laws,1,4543
brief,1,4544
morrow's,1,4545
insulted,1,4546
possessions,1,4547
betide,1,4548
againsts,1,4549
clock,1,4550
unsafe,1,4551
revenge,1,4552
odd-looking,1,4553
commanders,1,4554
riotous,1,4555
bread,1,4556
robbing,1,4557
urged,1,4558
contributed,1,4559
amusements,1,4560
miserably,1,4561
approaching,1,4562
motto,1,4563
engrafted,1,4564
sultaness,1,4565
integrity,1,4566
wrapt,1,4567
lofty,1,4568
proprietors,1,4569
dashing,1,4570
good-humour,1,4571
approving,1,4572
striving,1,4573
management,1,4574
license,1,4575
hideous,1,4576
proverbial,1,4577
component,1,4578
occasioning,1,4579
removals--all,1,4580
diverting,1,4581
intrude,1,4582
undesirable,1,4583
unfastened,1,4584
stagnation,1,4585
woe,1,4586
perticular,1,4587
assuring,1,4588
ready-furnished,1,4589
debates,1,4590
irremediable,1,4591
ii,1,4592
baronetcies,1,4593
grand,1,4594
incessant,1,4595
"with,--`oh",1,4596
indelible,1,4597
endeavours,1,4598
arise,1,4599
thoughtlessness,1,4600
glimpses,1,4601
plunged,1,4602
strenuous,1,4603
plausible,1,4604
listener's,1,4605
cake,1,4606
avoiding,1,4607
audibly,1,4608
blinding,1,4609
party's,1,4610
unforgiving,1,4611
thoroughfare,1,4612
cheerfullest,1,4613
alienable,1,4614
flagrant,1,4615
familiar,1,4616
orchards,1,4617
ride,1,4618
governance,1,4619
closet,1,4620
reserving,1,4621
merchandise,1,4622
a-shooting,1,4623
conjunctions,1,4624
unperplexed,1,4625
dusk,1,4626
thence,1,4627
acceptance,1,4628
collection,1,4629
butler,1,4630
eleven,1,4631
workmen,1,4632
hammer,1,4633
eyed,1,4634
anticipation,1,4635
alternation,1,4636
handsomest,1,4637
wisdom,1,4638
exit,1,4639
handed,1,4640
fellow-creatures,1,4641
riding,1,4642
salts,1,4643
sore-throats,1,4644
inconsistent,1,4645
rat-hunting,1,4646
implicit,1,4647
maintain,1,4648
preconcerted,1,4649
queen,1,4650
reddening,1,4651
anticipate,1,4652
dry,1,4653
exclamation,1,4654
conducted,1,4655
differ,1,4656
bermuda,1,4657
pallid,1,4658
glee,1,4659
tunbridge,1,4660
velvet,1,4661
world's,1,4662
baths,1,4663
sentences,1,4664
swears,1,4665
meanwhile,1,4666
springing,1,4667
spurned,1,4668
every-day,1,4669
unfavourable,1,4670
carpet,1,4671
heartiness,1,4672
suspend,1,4673
mild,1,4674
jane,1,4675
pear-tree,1,4676
frosty,1,4677
impressively,1,4678
receipt,1,4679
quickness,1,4680
faculties,1,4681
bare-faced,1,4682
beings,1,4683
bell,1,4684
contusion,1,4685
balance,1,4686
governess,1,4687
separated,1,4688
barrier,1,4689
heedlessness,1,4690
sobering,1,4691
shawl,1,4692
stretch,1,4693
indubitable,1,4694
audible,1,4695
danced,1,4696
readers,1,4697
augmented,1,4698
ensured,1,4699
executor,1,4700
littlenesses,1,4701
freedom,1,4702
front,1,4703
practices,1,4704
winters,1,4705
constructed,1,4706
isle,1,4707
fraught,1,4708
spell,1,4709
devise,1,4710
ejaculations,1,4711
resentful,1,4712
opposer,1,4713
latest,1,4714
akin,1,4715
countries,1,4716
simpleton,1,4717
inattention,1,4718
grass,1,4719
lifting,1,4720
baldwin's,1,4721
vext,1,4722
youth-killing,1,4723
subtleties,1,4724
teazing,1,4725
fascination,1,4726
testify,1,4727
unimpaired,1,4728
prompt,1,4729
hairs,1,4730
unobjectionable,1,4731
channel,1,4732
conceited,1,4733
tapping,1,4734
smarting,1,4735
ostentatiously,1,4736
carteret--they,1,4737
wrist,1,4738
flowing,1,4739
ungracious,1,4740
conveniently,1,4741
alertness,1,4742
contrive,1,4743
cap,1,4744
describing,1,4745
carefully,1,4746
rents,1,4747
operate,1,4748
prophesied,1,4749
plight,1,4750
zealously,1,4751
control,1,4752
puncture,1,4753
fishing-net,1,4754
courtesies,1,4755
fickleness,1,4756
immense,1,4757
flirting,1,4758
endowed,1,4759
becomingly,1,4760
dripping,1,4761
quotation,1,4762
tressels,1,4763
horrible,1,4764
tears,1,4765
another's,1,4766
semblance,1,4767
spoil,1,4768
conjecture,1,4769
uncommon,1,4770
machines,1,4771
waggons,1,4772
brightness,1,4773
revolution,1,4774
ailed,1,4775
attendant,1,4776
fors,1,4777
self-threatenings,1,4778
tree,1,4779
outweighed,1,4780
heat,1,4781
risen,1,4782
resolved,1,4783
misconstructions,1,4784
ascended,1,4785
passports,1,4786
enumeration,1,4787
beat,1,4788
fraternal,1,4789
illiberal,1,4790
disrespectful,1,4791
diversified,1,4792
discernment,1,4793
shaving,1,4794
preceded,1,4795
accurately,1,4796
dislocated,1,4797
patronize,1,4798
decencies,1,4799
precipitate,1,4800
descend,1,4801
inexpensive,1,4802
farthing,1,4803
farm-house,1,4804
refreshing,1,4805
rewards,1,4806
disengaging,1,4807
trained,1,4808
fastidiousness,1,4809
abstraction,1,4810
creditors,1,4811
dispel,1,4812
shelf,1,4813
my--present,1,4814
uncertainty,1,4815
assenting,1,4816
brilliant,1,4817
ill-looking,1,4818
claiming,1,4819
bold,1,4820
overtures,1,4821
robust,1,4822
unfelt,1,4823
stock,1,4824
allusion,1,4825
plainer,1,4826
deciding,1,4827
parliaments,1,4828
paced,1,4829
observance,1,4830
rear,1,4831
brother-officers,1,4832
abominate,1,4833
contradicted,1,4834
reduce,1,4835
dying,1,4836
house-maid,1,4837
reciprocal,1,4838
dog,1,4839
autumnal,1,4840
insolence,1,4841
retarding,1,4842
contents,1,4843
lowest,1,4844
cheer,1,4845
push,1,4846
popularity,1,4847
issue,1,4848
painfully,1,4849
recognise,1,4850
petty,1,4851
cost,1,4852
nuts,1,4853
gratify,1,4854
eventually,1,4855
advancing,1,4856
restoratives,1,4857
personableness,1,4858
inconstancy,1,4859
subsequent,1,4860
mortified,1,4861
affront,1,4862
allusions,1,4863
unpersuadable,1,4864
obtain,1,4865
deplored,1,4866
expressing,1,4867
mechanically,1,4868
dressy,1,4869
mediterranean,1,4870
recanting,1,4871
viewed,1,4872
politicians,1,4873
self-denial,1,4874
notoriety,1,4875
mature,1,4876
temple,1,4877
hurrying,1,4878
incumbent,1,4879
prized,1,4880
banished,1,4881
nothings,1,4882
improbable,1,4883
linger,1,4884
twenty-nine,1,4885
turnings,1,4886
doubted,1,4887
carpentered,1,4888
blunders,1,4889
sinner,1,4890
circumventing,1,4891
pierced,1,4892
committed,1,4893
imaged,1,4894
abide,1,4895
allowable,1,4896
emma,1,4897
banish,1,4898
pins,1,4899
pure,1,4900
fated,1,4901
fragments,1,4902
cold-blooded,1,4903
gleaning,1,4904
tenderest,1,4905
hinting,1,4906
regulating,1,4907
histories,1,4908
fortify,1,4909
crescent,1,4910
abuse,1,4911
fresher,1,4912
sank,1,4913
owned,1,4914
avail,1,4915
deed,1,4916
condescend,1,4917
purchased,1,4918
assizes,1,4919
screen,1,4920
briefly,1,4921
screamed,1,4922
fatigues,1,4923
unworthily,1,4924
self-command,1,4925
pore,1,4926
smoking,1,4927
atonement,1,4928
rallied,1,4929
level,1,4930
permitted,1,4931
publicly,1,4932
restless,1,4933
member,1,4934
contracted,1,4935
accompany,1,4936
accommodating,1,4937
sighs,1,4938
indignantly,1,4939
revive,1,4940
triumphantly,1,4941
umpire,1,4942
breeze--and,1,4943
december,1,4944
cutting,1,4945
carelessly,1,4946
god-daughter,1,4947
bitterly,1,4948
grossly,1,4949
harasses,1,4950
repulsive,1,4951
baited,1,4952
taxes,1,4953
ardent,1,4954
sarcastically,1,4955
dinings,1,4956
speeches,1,4957
disfavour,1,4958
weasel,1,4959
brotherliness,1,4960
misfortunes,1,4961
favourably,1,4962
vestibule,1,4963
lame,1,4964
sauntering,1,4965
bending,1,4966
brightening,1,4967
paternal,1,4968
dinner-time,1,4969
puzzling,1,4970
document,1,4971
reseated,1,4972
according,1,4973
embargo,1,4974
killed,1,4975
provoked,1,4976
dab,1,4977
hesitatingly,1,4978
unhappiness,1,4979
provide,1,4980
reckon,1,4981
nameless,1,4982
dissipated,1,4983
housekeeping,1,4984
periods,1,4985
coloured,1,4986
intervention,1,4987
gloomy,1,4988
desolate,1,4989
kinds,1,4990
wherewith,1,4991
re-admitted,1,4992
dab-chick,1,4993
praises,1,4994
oppression,1,4995
treating,1,4996
rejected,1,4997
prematurely,1,4998
keen,1,4999
cliff,1,5000
widowhood,1,5001
remnant,1,5002
junction,1,5003
create,1,5004
creation,1,5005
carrying,1,5006
enlargement,1,5007
project,1,5008
resuming,1,5009
handsomely,1,5010
equipped,1,5011
fifty-four,1,5012
connecting,1,5013
varying,1,5014
lodgers,1,5015
digress,1,5016
unlocked,1,5017
critical,1,5018
frames,1,5019
tea,1,5020
insipid,1,5021
muffin-men,1,5022
luxuriant,1,5023
perplexed,1,5024
anne--but,1,5025
concealments,1,5026
sacrificing,1,5027
sighings,1,5028
consciously,1,5029
interruption,1,5030
sonnet,1,5031
supposes,1,5032
bequeath,1,5033
nettles,1,5034
reckoned,1,5035
welcomed,1,5036
lowering,1,5037
beneficial,1,5038
shakes,1,5039
gloom,1,5040
rambling,1,5041
shorter,1,5042
wriggles,1,5043
poisonous,1,5044
unimportant,1,5045
unmodernized,1,5046
indenture,1,5047
unabsurd,1,5048
german,1,5049
unconvinced,1,5050
complained,1,5051
mankind,1,5052
separations,1,5053
detailed,1,5054
patronised,1,5055
imperfect,1,5056
troubles,1,5057
south-easterly,1,5058
mindful,1,5059
decisive,1,5060
shelter,1,5061
arranging,1,5062
inheriting,1,5063
proportion,1,5064
courting,1,5065
necessaries,1,5066
premises,1,5067
unbending,1,5068
excellently,1,5069
elbow,1,5070
homage,1,5071
lifeless,1,5072
individual,1,5073
length,1,5074
provocation,1,5075
recurring,1,5076
bookish,1,5077
unsuspicious,1,5078
cheerless,1,5079
steeper,1,5080
tossed,1,5081
well-judging,1,5082
variations,1,5083
gad,1,5084
canvass,1,5085
quick-changing,1,5086
parson,1,5087
ate,1,5088
equalled,1,5089
unprosperous,1,5090
toilsome,1,5091
deficiency,1,5092
pages,1,5093
approve,1,5094
rationally,1,5095
communications,1,5096
sequestration,1,5097
trash,1,5098
defend,1,5099
starts,1,5100
discussed,1,5101
destroy,1,5102
chatted,1,5103
reap,1,5104
agreeing,1,5105
noon,1,5106
stiles,1,5107
barouche,1,5108
useless,1,5109
streightens,1,5110
hollow,1,5111
stockings,1,5112
yestermorn,1,5113
dismissal,1,5114
assuage,1,5115
repeat,1,5116
scissors,1,5117
soldier,1,5118
subsisted,1,5119
surgeon's,1,5120
bills,1,5121
undone,1,5122
endurable,1,5123
solicitation,1,5124
dispensation,1,5125
grazier,1,5126
unwearied,1,5127
perhaps--we,1,5128
noticing,1,5129
shudderings,1,5130
inlaid,1,5131
cockleshell,1,5132
million,1,5133
retrenchments,1,5134
panel,1,5135
horsepond,1,5136
manoeuvres,1,5137
decides,1,5138
everybody's,1,5139
equality,1,5140
ungenteel,1,5141
ennoble,1,5142
expedient,1,5143
desert,1,5144
retrace,1,5145
physician,1,5146
bears,1,5147
harder,1,5148
flag,1,5149
card-player,1,5150
orchard,1,5151
admirably,1,5152
family-union,1,5153
consumed,1,5154
feebleness,1,5155
trembled,1,5156
unvarying,1,5157
archly,1,5158
submissive,1,5159
maintenance,1,5160
chimney,1,5161
exemplify,1,5162
marys,1,5163
dawning,1,5164
comprehension,1,5165
personage,1,5166
oath,1,5167
pacify,1,5168
confessed,1,5169
meditating,1,5170
dears,1,5171
holly,1,5172
prudence,1,5173
persisting,1,5174
wainscot,1,5175
incalculable,1,5176
privilege,1,5177
religious,1,5178
paths,1,5179
abundance,1,5180
surface,1,5181
exchanged,1,5182
descried,1,5183
deducting,1,5184
pier,1,5185
sea-faring,1,5186
sparrows,1,5187
behave,1,5188
respective,1,5189
sympathized,1,5190
principals,1,5191
adopt,1,5192
staggering,1,5193
expose,1,5194
loitering,1,5195
lies,1,5196
humouredly,1,5197
neighbour's,1,5198
indecision,1,5199
summarily,1,5200
high-spirited,1,5201
expenditure,1,5202
theory,1,5203
harry,1,5204
counterbalance,1,5205
keys,1,5206
protests,1,5207
rheumatic,1,5208
feelingly,1,5209
opposing,1,5210
destiny,1,5211
famous,1,5212
signal,1,5213
perpetually,1,5214
connect,1,5215
bathing,1,5216
excepted,1,5217
accord,1,5218
teasing,1,5219
hazel,1,5220
civilly,1,5221
stopt,1,5222
advance,1,5223
partial,1,5224
attempting,1,5225
humbler,1,5226
impartially,1,5227
family-matters,1,5228
resting,1,5229
pursue,1,5230
excuses,1,5231
attribute,1,5232
f,1,5233
fires,1,5234
elizabeths,1,5235
recognising,1,5236
unlooked,1,5237
nursed,1,5238
stretched,1,5239
conversations,1,5240
tempered,1,5241
resorted,1,5242
brown,1,5243
completion,1,5244
toys,1,5245
modify,1,5246
error,1,5247
withdrawn,1,5248
compressed,1,5249
parental,1,5250
rouge,1,5251
narrow,1,5252
unnecessarily,1,5253
thoughtfulness,1,5254
overbearing,1,5255
in-doors,1,5256
betray,1,5257
sedulously,1,5258
her's,1,5259
inaction,1,5260
simplicity,1,5261
swept,1,5262
incurious,1,5263
well-regulated,1,5264
thanks,1,5265
z,1,5266
corpse-like,1,5267
foremost,1,5268
refrain,1,5269
loyalty,1,5270
effort,1,5271
screened,1,5272
disobliging,1,5273
withdrawing,1,5274
trifling,1,5275
legs,1,5276
assuming,1,5277
throat,1,5278
images,1,5279
memorandums,1,5280
unprofitable,1,5281
indisputably,1,5282
thinks--oh,1,5283
ambition,1,5284
heroism,1,5285
fright,1,5286
condemning,1,5287
despondency,1,5288
obscure,1,5289
promoted,1,5290
blinds,1,5291
pitiable,1,5292
inimitable,1,5293
tables,1,5294
wheedled,1,5295
preside,1,5296
regaling,1,5297
maclean,1,5298
fare,1,5299
honourably,1,5300
struggled,1,5301
stupidity,1,5302
purchase,1,5303
forego,1,5304
strictest,1,5305
man--but,1,5306
inflicting,1,5307
signify,1,5308
heaped,1,5309
reined,1,5310
amendment,1,5311
tolerated,1,5312
inure,1,5313
mortify,1,5314
interrupting,1,5315
stranger's,1,5316
darting,1,5317
rode,1,5318
morley,1,5319
failings,1,5320
social,1,5321
prevents,1,5322
sighing,1,5323
armed,1,5324
sobs,1,5325
insisted,1,5326
footsteps,1,5327
profess,1,5328
dimming,1,5329
hang,1,5330
incapable,1,5331
breath,1,5332
tenements,1,5333
moderation,1,5334
escorted,1,5335
profound,1,5336
collects,1,5337
hysterics,1,5338
representatives,1,5339
preserver,1,5340
pervading,1,5341
admiralty,1,5342
burden,1,5343
cherish,1,5344
gift,1,5345
sprung,1,5346
possessing,1,5347
cottagers,1,5348
unsettled,1,5349
stake,1,5350
"yes,--i",1,5351
overheard,1,5352
empowered,1,5353
fainter,1,5354
bustling,1,5355
mirrors,1,5356
repaid,1,5357
rates,1,5358
yard,1,5359
incommoded,1,5360
profit,1,5361
brave,1,5362
freehold,1,5363
apprehensive,1,5364
sing,1,5365
dreamt,1,5366
dash,1,5367
trespass,1,5368
associates,1,5369
strafford,1,5370
sour,1,5371
rubbed,1,5372
willingness,1,5373
vary,1,5374
enforced,1,5375
suppositions,1,5376
give-and-take,1,5377
wells,1,5378
ugly,1,5379
timidity,1,5380
admirer,1,5381
dismembered,1,5382
unlucky,1,5383
indulge,1,5384
escaping,1,5385
favourites,1,5386
foretold,1,5387
equals,1,5388
flurried,1,5389
mend,1,5390
prettiness,1,5391
friday,1,5392
retirement,1,5393
likeness,1,5394
accomplishment,1,5395
impassioned,1,5396
well-wishers,1,5397
proverbs,1,5398
torn,1,5399
movements,1,5400
quieter,1,5401
abominates,1,5402
overturned,1,5403
mainly,1,5404
amazingly,1,5405
rapture,1,5406
resort,1,5407
farmer,1,5408
rationality,1,5409
enforce,1,5410
singular,1,5411
protected,1,5412
wretchedly,1,5413
blunder,1,5414
south,1,5415
environs,1,5416
clearing,1,5417
hot,1,5418
blotting,1,5419
instinct,1,5420
resemble,1,5421
resume,1,5422
well-spoken,1,5423
greenhouse,1,5424
breakfast-room,1,5425
anecdotes,1,5426
damp,1,5427
comprised,1,5428
trays,1,5429
creature's,1,5430
umbrellas,1,5431
grey,1,5432
striking,1,5433
mackenzie,1,5434
attaining,1,5435
rains,1,5436
sympathising,1,5437
poets,1,5438
throughout,1,5439
lasted,1,5440
tight,1,5441
strip,1,5442
rigid,1,5443
caring,1,5444
long-petted,1,5445
inimical,1,5446
hearing--(it,1,5447
easy--charles,1,5448
tauntingly,1,5449
skilful,1,5450
vigorous,1,5451
retract,1,5452
unlikely,1,5453
well-meaning,1,5454
grandmamma,1,5455
exerting,1,5456
bled,1,5457
retentive,1,5458
disengaged,1,5459
fork,1,5460
ingratitude,1,5461
route,1,5462
determine,1,5463
desperate,1,5464
explicit,1,5465
pleasure-grounds,1,5466
bursts,1,5467
destruction,1,5468
chill,1,5469
security,1,5470
struggling,1,5471
sway,1,5472
insufficient,1,5473
self-amusement,1,5474
indistinctness,1,5475
contemptuously,1,5476
double-barrel,1,5477
acquitted,1,5478
breeze,1,5479
forbad,1,5480
vouch,1,5481
resigned,1,5482
mortgage,1,5483
glare,1,5484
gunsmith's,1,5485
pierce,1,5486
branches,1,5487
superficial,1,5488
imagining,1,5489
bewitched,1,5490
curl,1,5491
inadvertence,1,5492
blinded,1,5493
relinquishment,1,5494
depending,1,5495
omission,1,5496
anchorage,1,5497
advertised,1,5498
musician,1,5499
appreciation,1,5500
detail,1,5501
reality,1,5502
obstinacy,1,5503
flight,1,5504
memoirs,1,5505
investigated,1,5506
finale,1,5507
bitterness,1,5508
absurdity,1,5509
leave-taking,1,5510
haggard,1,5511
fitting,1,5512
plaster,1,5513
trifled,1,5514
revelled,1,5515
minehead,1,5516
closer,1,5517
plumpness,1,5518
understands,1,5519
profitable,1,5520
astonish,1,5521
unsisterly,1,5522
re-kindled,1,5523
unreservedly,1,5524
solitariness,1,5525
smokes,1,5526
occurring,1,5527
grows,1,5528
square,1,5529
impetuosity,1,5530
tenacious,1,5531
reigning,1,5532
despondence,1,5533
kisses,1,5534
kingdom,1,5535
disdainful,1,5536
gets,1,5537
notion,1,5538
reverses,1,5539
butler's,1,5540
originated,1,5541
introductions,1,5542
sorrowing,1,5543
morality,1,5544
ends,1,5545
err,1,5546
letting,1,5547
trustiest,1,5548
inhabit,1,5549
ensure,1,5550
glories,1,5551
sweeter,1,5552
feels,1,5553
spine,1,5554
avarice,1,5555
internally,1,5556
sickly,1,5557
procuring,1,5558
crow's,1,5559
rating,1,5560
affecting,1,5561
indiscreet,1,5562
aristocratic,1,5563
folding-doors,1,5564
mantel,1,5565
reversion,1,5566
sparingly,1,5567
languor,1,5568
disdained,1,5569
reluctance,1,5570
occasional,1,5571
parent's,1,5572
inspire,1,5573
characteristic,1,5574
nursery-maids,1,5575
counted,1,5576
offers,1,5577
practised,1,5578
jumping,1,5579
experienced,1,5580
alterations,1,5581
satin,1,5582
switch,1,5583
unfeudal,1,5584
cuffs,1,5585
unfolding,1,5586
pride--the,1,5587
narration,1,5588
contentment,1,5589
contemptuous,1,5590
joins,1,5591
vehement,1,5592
reluctantly,1,5593
inexhaustible,1,5594
crape,1,5595
guarded,1,5596
abominable,1,5597
wholesome,1,5598
associated,1,5599
knees,1,5600
print,1,5601
hunting,1,5602
desirableness,1,5603
urgent,1,5604
thames,1,5605
drawing-back,1,5606
negotiation,1,5607
professionally,1,5608
boatmen,1,5609
eligible,1,5610
suspended,1,5611
pitied,1,5612
stealing,1,5613
scolding,1,5614
bordered,1,5615
compassionate,1,5616
juncture,1,5617
rock,1,5618
bishop,1,5619
austen,1,5620
compunction,1,5621
alienations,1,5622
declarations,1,5623
well-sounding,1,5624
sundays,1,5625
fed,1,5626
ailments,1,5627
ceremonious,1,5628
contrast,1,5629
cultivation,1,5630
rapidly,1,5631
apologised,1,5632
casements,1,5633
lists,1,5634
doubtingly,1,5635
fearfully,1,5636
well-grown,1,5637
incurable,1,5638
defeating,1,5639
affronts,1,5640
undervalue,1,5641
rector,1,5642
undertook,1,5643
molland's,1,5644
piano,1,5645
resettled,1,5646
alternatives,1,5647
glimpse,1,5648
concussion,1,5649
hither,1,5650
roaring,1,5651
disproportion,1,5652
excessive,1,5653
temptation,1,5654
counteracting,1,5655
reins,1,5656
transplanted,1,5657
corrective,1,5658
accent,1,5659
impediment,1,5660
misconduct,1,5661
image,1,5662
premature,1,5663
whereabouts,1,5664
employing,1,5665
reminded,1,5666
falling,1,5667
elevate,1,5668
multitude,1,5669
felow,1,5670
medicine,1,5671
darings,1,5672
welfare,1,5673
solution,1,5674
assembled,1,5675
ingenious,1,5676
perfections,1,5677
quarrelled,1,5678
compelled,1,5679
hair,1,5680
cot,1,5681
shops,1,5682
swear,1,5683
province,1,5684
misconceived,1,5685
stevenson,1,5686
backed,1,5687
intimates,1,5688
furnished,1,5689
moderate-sized,1,5690
netting-needles,1,5691
cash,1,5692
fellow's,1,5693
january,1,5694
accession,1,5695
gapes,1,5696
bride,1,5697
respecting,1,5698
encountered,1,5699
shyness,1,5700
printer's,1,5701
lodging-house,1,5702
forest,1,5703
labour,1,5704
fearlessness,1,5705
conflicts,1,5706
astray,1,5707
endurances,1,5708
heart-broken,1,5709
outwardly,1,5710
contemplating,1,5711
intimation,1,5712
deprived,1,5713
dignified,1,5714
inverted,1,5715
shoot,1,5716
supplement,1,5717
sprang,1,5718
vanquished,1,5719
disincline,1,5720
dances,1,5721
chambers,1,5722
judges,1,5723
pin-cushions,1,5724
fervour,1,5725
heats,1,5726
farm-yard,1,5727
fetching,1,5728
particularity,1,5729
carriage-horses,1,5730
endeavouring,1,5731
short-lived,1,5732
significance,1,5733
plainly,1,5734
indisposed,1,5735
perceiving,1,5736
kind-hearted,1,5737
under-hung,1,5738
spendthrift,1,5739
thoughtless,1,5740
confessing,1,5741
neck,1,5742
mountains,1,5743
solid,1,5744
colonnade,1,5745
undesirableness,1,5746
boast,1,5747
pin,1,5748
pulteney,1,5749
gratefully,1,5750
predicament,1,5751
supplanted,1,5752
comprise,1,5753
hey,1,5754
traveller,1,5755
renting,1,5756
knot,1,5757
depression,1,5758
clothe,1,5759
paltry,1,5760
lodging,1,5761
inserting,1,5762
constantly,1,5763
bustles,1,5764
obstinate,1,5765
investigate,1,5766
chasms,1,5767
despised,1,5768
adverse,1,5769
renter,1,5770
daylight,1,5771
blow,1,5772
selves,1,5773
untaught,1,5774
approachable,1,5775
pair,1,5776
diminished,1,5777
forgetfulness,1,5778
summers,1,5779
re-settling,1,5780
mahogany,1,5781
delivered,1,5782
tease,1,5783
29th,1,5784
atkinson,1,5785
milkmen,1,5786
folded,1,5787
scheherazade's,1,5788
withholding,1,5789
pushed,1,5790
unalterable,1,5791
charities,1,5792
misty,1,5793
prevail,1,5794
jealousies,1,5795
plea,1,5796
yield,1,5797
self-occupied,1,5798
poignant,1,5799
candid,1,5800
enjoying,1,5801
horribly,1,5802
weakening,1,5803
manoeuvred,1,5804
topic,1,5805
loveliest,1,5806
discomfited,1,5807
sea-air,1,5808
assurances,1,5809
assistants,1,5810
verse,1,5811
accidental,1,5812
china,1,5813
saddened,1,5814
green,1,5815
fought,1,5816
completed,1,5817
test,1,5818
pleasing--the,1,5819
footpath,1,5820
sedentary,1,5821
lesson,1,5822
hurt,1,5823
saturday,1,5824
extravagance,1,5825
erring,1,5826
shudder,1,5827
include,1,5828
cavil,1,5829
forbid,1,5830
wealth,1,5831
madness,1,5832
world--nor,1,5833
hushed,1,5834
heartless,1,5835
"truly,--wm",1,5836
sixty-two,1,5837
fourth,1,5838
quantity,1,5839
existing,1,5840
depends,1,5841
consultation,1,5842
bend,1,5843
stopping,1,5844
groups,1,5845
residents,1,5846
restorative,1,5847
inquiry,1,5848
recapitulation,1,5849
official,1,5850
bond,1,5851
fortunately,1,5852
romancing,1,5853
pleasantest,1,5854
falter,1,5855
solemnly,1,5856
unbecoming,1,5857
sorrowful,1,5858
firmly,1,5859
bestowed,1,5860
likelihood,1,5861
saleable,1,5862
soldiers,1,5863
son-in-law's,1,5864
incomprehensible,1,5865
skirting,1,5866
adapted,1,5867
benefited,1,5868
sink,1,5869
patiently,1,5870
foot-boy,1,5871
wasted,1,5872
authorise,1,5873
dependencies,1,5874
missing,1,5875
brawn,1,5876
sharing,1,5877
trunks,1,5878
taught,1,5879
granted,1,5880
dissent,1,5881
warning,1,5882
medium,1,5883
clifton--a,1,5884
caressed,1,5885
equalling,1,5886
rugged,1,5887
recently-improved,1,5888
essentials,1,5889
approves,1,5890
shapeless,1,5891
bush,1,5892
guilty,1,5893
secondary,1,5894
cupboards,1,5895
publicity,1,5896
gnawing,1,5897
ambitious,1,5898
teeth,1,5899
schoolmaster,1,5900
attract,1,5901
worsting,1,5902
swinging,1,5903
landaulette,1,5904
atlantic,1,5905
courtships,1,5906
lay,1,5907
doubting,1,5908
compromising,1,5909
unwise,1,5910
speedily,1,5911
accompanied,1,5912
recognition,1,5913
operated,1,5914
mistress's,1,5915
ill-fated,1,5916
anyone,1,5917
varnished,1,5918
brow,1,5919
headstrong,1,5920
farmer's,1,5921
mercy,1,5922
hinted,1,5923
male,1,5924
sum,1,5925
lake,1,5926
satisfactory,1,5927
lamented,1,5928
commons,1,5929
mar,1,5930
testimonies,1,5931
frights,1,5932
suavity,1,5933
popular,1,5934
sidmouth,1,5935
comforted,1,5936
new-formed,1,5937
break,1,5938
wandering,1,5939
dint,1,5940
miserable,1,5941
dearest,1,5942
medical,1,5943
dung-cart,1,5944
himself!--she,1,5945
afloat,1,5946
vacancies,1,5947
cruise,1,5948
misuse,1,5949
complicate,1,5950
bores,1,5951
avert,1,5952
persuadable,1,5953
soothing,1,5954
calculate,1,5955
nosegay,1,5956
bank,1,5957
posted,1,5958
adieus,1,5959
clink,1,5960
shows,1,5961
unison,1,5962
despair,1,5963
unwillingly,1,5964
three-shilling,1,5965
overlooking,1,5966
"anne,--i",1,5967
thrill,1,5968
rousing,1,5969
failure,1,5970
tasting,1,5971
rally,1,5972
disclosed,1,5973
realized,1,5974
furnishing,1,5975
betimes,1,5976
edify,1,5977
dies,1,5978
choicest,1,5979
equipage,1,5980
mood,1,5981
insincerity,1,5982
seize,1,5983
equivalent,1,5984
professing,1,5985
bathed,1,5986
gadding,1,5987
considers,1,5988
ribbons,1,5989
proclaim,1,5990
reduction,1,5991
abbreviation,1,5992
military,1,5993
